

CREATE DATABASE VISK_INDUS_PVT_LTD;
USE DATABASE VISK_INDUS_PVT_LTD;
CREATE SCHEMA VISK_INDUS_PVT_LTD.RAW;
CREATE SCHEMA VISK_INDUS_PVT_LTD.BRONZE;
CREATE SCHEMA VISK_INDUS_PVT_LTD.SILVER;
CREATE SCHEMA VISK_INDUS_PVT_LTD.GOLD;






-- Categories
CREATE OR REPLACE TABLE VISK_INDUS_PVT_LTD.RAW.Categories (
CategoryID VARCHAR(255) 
,CategoryName VARCHAR(255) NOT NULL
,CONSTRAINT PKEY_CAT   PRIMARY KEY (CategoryID) NOT ENFORCED
);

INSERT INTO  VISK_INDUS_PVT_LTD.RAW.Categories (CategoryID, CategoryName) 
VALUES ('CAT001', 'Microcontrollers'), ('CAT002', 'Resistors'), ('CAT003', 'Capacitors'), ('CAT004', 'Inductors'), ('CAT005', 'Diodes'), ('CAT006', 'Transistors'), ('CAT007', 'Integrated Circuits'), ('CAT008', 'Microprocessors'), ('CAT009', 'Sensors'), ('CAT010', 'Batteries'), ('CAT011', 'Connectors'), ('CAT012', 'Wires & Cables'), ('CAT013', 'Printed Circuit Boards'), ('CAT014', 'Displays'), ('CAT015', 'LEDs'), ('CAT016', 'Power Supplies'), ('CAT017', 'Motors & Actuators'), ('CAT018', 'Relays'), ('CAT019', 'Switches'), ('CAT020', 'Heat Sinks'), ('CAT021', 'Fans & Cooling Systems'), ('CAT022', 'Oscillators & Crystals'), ('CAT023', 'Development Boards'), ('CAT024', 'Memory Modules'), ('CAT025', 'Networking Components'), ('CAT026', 'Audio Components'), ('CAT027', 'RF & Wireless Modules'), ('CAT028', 'Transformers'), ('CAT029', 'Optoelectronics'), ('CAT030', 'Embedded Systems'), ('CAT031', 'Microphones'), ('CAT032', 'Speakers'), ('CAT033', 'Transceivers'), ('CAT034', 'Charging Circuits'), ('CAT035', '3D Printing Components'), ('CAT036', 'IoT Modules'), ('CAT037', 'Robotics Kits'), ('CAT038', 'Automotive Electronics'), ('CAT039', 'Smart Home Components'), ('CAT040', 'Wearable Electronics'), ('CAT041', 'Industrial Sensors'), ('CAT042', 'Security & Surveillance'), ('CAT043', 'Drones & UAV Components'), ('CAT044', 'Medical Electronics'), ('CAT045', 'High Voltage Components'), ('CAT046', 'Embedded AI Modules'), ('CAT047', 'Machine Learning Processors'), ('CAT048', 'Edge Computing Devices'), ('CAT049', 'Quantum Computing Components'), ('CAT050', 'Cybersecurity Hardware');



--Suppliers
CREATE OR REPLACE TABLE VISK_INDUS_PVT_LTD.RAW.Suppliers (
SupplierID VARCHAR(255)
,SupplierName VARCHAR(255) NOT NULL
,ContactPerson VARCHAR(255)
,Phone VARCHAR(20)
,Email VARCHAR(255)
,Address TEXT
--,PRIMARY KEY (SupplierID)
,CONSTRAINT PKEY_SID   PRIMARY KEY (SupplierID) NOT ENFORCED
);


INSERT INTO VISK_INDUS_PVT_LTD.RAW.Suppliers  (SupplierID, SupplierName, ContactPerson, Phone, Email, Address) 
VALUES ('SUP001', 'Texas Electronics', 'John Smith', '1234567890', 'john@texaselectronics.com', '123 Tech Park, TX'), ('SUP002', 'MicroChip Supplies', 'Jane Doe', '9876543210', 'jane@microchipsupplies.com', '456 Silicon Valley, CA'), ('SUP003', 'Capacitor World', 'Mike Johnson', '1122334455', 'mike@capacitorworld.com', '789 Component Street, NY'), ('SUP004', 'Resistor Tech', 'Alice Brown', '2233445566', 'alice@resistortech.com', '567 Circuit Road, FL'), ('SUP005', 'Diode Solutions', 'Robert White', '3344556677', 'robert@diodesolutions.com', '890 Semiconductor Blvd, NJ'), ('SUP006', 'Power Electronics', 'Michael Davis', '4455667788', 'michael@power-electronics.com', '101 Battery Lane, IL'), ('SUP007', 'Embedded Systems Ltd', 'Sarah Wilson', '5566778899', 'sarah@embedded-systems.com', '234 Microprocessor Ave, CO'), ('SUP008', 'AI Components Co.', 'Daniel Martinez', '6677889900', 'daniel@aicomponents.com', '567 AI Park, WA'), ('SUP009', 'Quantum Innovations', 'Laura Taylor', '7788990011', 'laura@quantuminnovations.com', '789 Quantum Drive, NV'), ('SUP010', 'Networking Hub', 'David Lee', '8899001122', 'david@networkinghub.com', '345 Router Lane, TX'), ('SUP011', 'Optoelectronics Inc.', 'Jessica Brown', '9900112233', 'jessica@optoelectronics.com', '123 Laser Street, CA'), ('SUP012', 'Industrial Sensors Ltd.', 'Matthew Harris', '1011121314', 'matthew@sensorsltd.com', '789 Sensor Avenue, NY'), ('SUP013', 'Wearable Tech Corp.', 'Emily Clark', '1213141516', 'emily@wearabletech.com', '456 Wearable Drive, FL'), ('SUP014', 'Automotive Electronics', 'Brian Lewis', '1314151617', 'brian@automotive-electronics.com', '567 CarTech Blvd, NJ'), ('SUP015', 'Medical Tech Supplies', 'Samantha Hall', '1415161718', 'samantha@medicaltech.com', '678 Medical Lane, IL'), ('SUP016', 'Surveillance Systems', 'Kevin Young', '1516171819', 'kevin@surveillance.com', '789 Security Street, CO'), ('SUP017', 'Machine Learning Parts', 'Sophia Allen', '1617181920', 'sophia@mlparts.com', '890 ML Park, WA'), ('SUP018', '3D Printing Experts', 'Christopher Scott', '1718192021', 'chris@3dprinting.com', '234 Print Road, TX'), ('SUP019', 'Robotics Components', 'Natalie Carter', '1819202122', 'natalie@robotics.com', '345 Robot Drive, CA'), ('SUP020', 'Drone Tech', 'Benjamin Adams', '1920212223', 'benjamin@dronetech.com', '123 UAV Street, NY'), ('SUP021', 'Edge Computing Solutions', 'Olivia Green', '2021222324', 'olivia@edgecomputing.com', '456 Edge Lane, FL'), ('SUP022', 'High Voltage Components', 'James Baker', '2122232425', 'james@highvoltage.com', '567 Voltage Blvd, NJ'), ('SUP023', 'Cybersecurity Hardware', 'Isabella Cooper', '2223242526', 'isabella@cyberhardware.com', '678 Secure Park, IL'), ('SUP024', 'AI Processors Ltd.', 'Mason Stewart', '2324252627', 'mason@aiprocessors.com', '789 AI Drive, CO'), ('SUP025', 'Memory Module Inc.', 'Evelyn Reed', '2425262728', 'evelyn@memorymodules.com', '890 RAM Avenue, WA'), ('SUP026', 'Transformers Unlimited', 'Daniel Gonzalez', '2526272829', 'daniel@transformers.com', '234 Power Lane, TX'), ('SUP027', 'Audio Components Corp.', 'Avery Howard', '2627282930', 'avery@audiocomponents.com', '345 Speaker Blvd, CA'), ('SUP028', 'Development Boards Co.', 'Logan Foster', '2728293031', 'logan@devboards.com', '456 Dev Park, NY'), ('SUP029', 'Embedded AI Hardware', 'Madison Brooks', '2829303132', 'madison@embeddedai.com', '567 AI Blvd, FL'), ('SUP030', 'Smart Home Devices', 'Lucas Murphy', '2930313233', 'lucas@smarthome.com', '678 IoT Lane, NJ');

--RawMaterials

CREATE OR REPLACE TABLE VISK_INDUS_PVT_LTD.RAW.RawMaterials (
MaterialID VARCHAR
,MaterialName VARCHAR(255) NOT NULL
,MaterialDescription VARCHAR(255)
,UnitOfMeasure VARCHAR(50)
,MaterialType VARCHAR(50)
,UnitPrice DECIMAL(10, 2)
,SupplierID VARCHAR(255)
,Quantity INT
--,PRIMARY KEY (MaterialID)
--,FOREIGN KEY (SupplierID) REFERENCES Suppliers(SupplierID) -- Foreign key constraint
,CONSTRAINT PKEY_MATID   PRIMARY KEY (MaterialID) NOT ENFORCED
,FOREIGN KEY (SupplierID) REFERENCES Suppliers(SupplierID) -- Foreign key constraint
);

INSERT INTO  VISK_INDUS_PVT_LTD.RAW.RawMaterials (MaterialID, MaterialName, MaterialDescription, UnitOfMeasure, MaterialType, UnitPrice, SupplierID, Quantity) 
VALUES ('MAT001', 'Rotary Encoder Switch', 'Switch used in electronics manufacturing', 'Piece', 'Mechanical', 29.71, 'SUP011', 978), ('MAT002', '7-Segment LED Display', 'LED used in electronics manufacturing', 'Piece', 'Optoelectronic', 46.85, 'SUP020', 187), ('MAT003', 'Stepper Motor NEMA 17', 'Motor used in electronics manufacturing', 'Piece', 'Electromechanical', 33.34, 'SUP029', 951), ('MAT004', 'ATmega328P', 'Microcontroller used in electronics manufacturing', 'Piece', 'Integrated Circuit', 18.32, 'SUP015', 676), ('MAT005', 'Multi-Layer PCB 15cm x 15cm', 'PCB Board used in electronics manufacturing', 'Sheet', 'Mechanical', 43.28, 'SUP015', 283), ('MAT006', 'Lithium-Polymer Battery 3.7V 5000mAh', 'Battery used in electronics manufacturing', 'mAh', 'Power Supply', 44.81, 'SUP009', 661), ('MAT007', 'SMD Resistor 10kΩ', 'Resistor used in electronics manufacturing', 'Ohm', 'Passive Component', 5.52, 'SUP029', 374), ('MAT008', 'MEMS Oscillator 8MHz', 'Oscillator used in electronics manufacturing', 'MHz', 'Electronic Component', 43.93, 'SUP011', 817), ('MAT009', '18650 Li-Ion Battery 3.7V 2500mAh', 'Battery used in electronics manufacturing', 'mAh', 'Power Supply', 43.47, 'SUP030', 118), ('MAT010', 'NPN Transistor BC547', 'Transistor used in electronics manufacturing', 'Piece', 'Semiconductor', 17.09, 'SUP021', 739), ('MAT011', '5V Relay Module', 'Relay used in electronics manufacturing', 'Piece', 'Electromechanical', 40.02, 'SUP024', 478), ('MAT012', 'Crystal Oscillator 16MHz', 'Oscillator used in electronics manufacturing', 'MHz', 'Electronic Component', 34.76, 'SUP018', 570), ('MAT013', 'Tactile Push Button Switch', 'Switch used in electronics manufacturing', 'Piece', 'Mechanical', 46.51, 'SUP008', 586), ('MAT014', 'Ceramic Capacitor 100nF', 'Capacitor used in electronics manufacturing', 'Farad', 'Passive Component', 21.33, 'SUP030', 313), ('MAT015', 'Carbon Film Resistor 1kΩ', 'Resistor used in electronics manufacturing', 'Ohm', 'Passive Component', 49.55, 'SUP019', 660), ('MAT016', 'Single Layer PCB 10cm x 10cm', 'PCB Board used in electronics manufacturing', 'Sheet', 'Mechanical', 7.0, 'SUP029', 988), ('MAT017', 'DHT11 Temperature & Humidity Sensor', 'Sensor used in electronics manufacturing', 'Piece', 'Sensor', 34.68, 'SUP012', 806), ('MAT019', 'Toroidal Inductor 10mH', 'Inductor used in electronics manufacturing', 'Henry', 'Passive Component', 34.9, 'SUP017', 955), ('MAT020', 'Zener Diode 5.1V', 'Diode used in electronics manufacturing', 'Piece', 'Semiconductor', 5.79, 'SUP019', 377), ('MAT021', 'USB Type-C Connector', 'Connector used in electronics manufacturing', 'Piece', 'Mechanical', 46.6, 'SUP017', 956), ('MAT022', 'Brushed DC Motor 12V', 'Motor used in electronics manufacturing', 'Piece', 'Electromechanical', 17.48, 'SUP011', 844), ('MAT023', 'Schottky Diode 1N5819', 'Diode used in electronics manufacturing', 'Piece', 'Semiconductor', 15.34, 'SUP030', 255), ('MAT024', '555 Timer IC', 'IC Chip used in electronics manufacturing', 'Piece', 'Integrated Circuit', 17.32, 'SUP025', 593), ('MAT025', 'PIR Motion Sensor Module', 'Sensor used in electronics manufacturing', 'Piece', 'Sensor', 26.83, 'SUP030', 595), ('MAT026', 'Op-Amp LM358', 'IC Chip used in electronics manufacturing', 'Piece', 'Integrated Circuit', 23.07, 'SUP014', 270), ('MAT027', 'MOSFET IRF540', 'Transistor used in electronics manufacturing', 'Piece', 'Semiconductor', 23.19, 'SUP019', 689), ('MAT028', 'Electrolytic Capacitor 470uF', 'Capacitor used in electronics manufacturing', 'Farad', 'Passive Component', 6.77, 'SUP025', 726), ('MAT029', 'JST Battery Connector', 'Connector used in electronics manufacturing', 'Piece', 'Mechanical', 44.85, 'SUP021', 979), ('MAT030', 'Red SMD LED 0805', 'LED used in electronics manufacturing', 'Piece', 'Optoelectronic', 33.16, 'SUP015', 335), ('MAT031', 'Carbon Film Resistor 1kΩ', 'Resistor used in electronics manufacturing', 'Ohm', 'Passive Component', 48.32, 'SUP023', 321), ('MAT032', 'USB Type-C Connector', 'Connector used in electronics manufacturing', 'Piece', 'Mechanical', 31.89, 'SUP026', 945), ('MAT033', 'Rotary Encoder Switch', 'Switch used in electronics manufacturing', 'Piece', 'Mechanical', 12.84, 'SUP002', 783), ('MAT034', 'Op-Amp LM358', 'IC Chip used in electronics manufacturing', 'Piece', 'Integrated Circuit', 41.14, 'SUP005', 918), ('MAT035', '18650 Li-Ion Battery 3.7V 2500mAh', 'Battery used in electronics manufacturing', 'mAh', 'Power Supply', 13.11, 'SUP022', 329), ('MAT036', '555 Timer IC', 'IC Chip used in electronics manufacturing', 'Piece', 'Integrated Circuit', 37.67, 'SUP006', 906), ('MAT037', 'Crystal Oscillator 16MHz', 'Oscillator used in electronics manufacturing', 'MHz', 'Electronic Component', 42.79, 'SUP027', 338), ('MAT038', 'ATmega328P', 'Microcontroller used in electronics manufacturing', 'Piece', 'Integrated Circuit', 25.14, 'SUP027', 349), ('MAT039', 'Brushed DC Motor 12V', 'Motor used in electronics manufacturing', 'Piece', 'Electromechanical', 10.38, 'SUP020', 367), ('MAT040', 'Tactile Push Button Switch', 'Switch used in electronics manufacturing', 'Piece', 'Mechanical', 6.4, 'SUP015', 622), ('MAT041', 'PIR Motion Sensor Module', 'Sensor used in electronics manufacturing', 'Piece', 'Sensor', 33.67, 'SUP025', 789), ('MAT042', 'Stepper Motor NEMA 17', 'Motor used in electronics manufacturing', 'Piece', 'Electromechanical', 40.88, 'SUP007', 562), ('MAT043', 'PIR Motion Sensor Module', 'Sensor used in electronics manufacturing', 'Piece', 'Sensor', 26.68, 'SUP005', 458), ('MAT044', 'Tactile Push Button Switch', 'Switch used in electronics manufacturing', 'Piece', 'Mechanical', 3.03, 'SUP001', 271), ('MAT046', 'MOSFET IRF540', 'Transistor used in electronics manufacturing', 'Piece', 'Semiconductor', 5.91, 'SUP028', 953), ('MAT047', 'Lithium-Polymer Battery 3.7V 5000mAh', 'Battery used in electronics manufacturing', 'mAh', 'Power Supply', 40.62, 'SUP009', 366), ('MAT048', 'Red SMD LED 0805', 'LED used in electronics manufacturing', 'Piece', 'Optoelectronic', 25.66, 'SUP019', 274), ('MAT049', 'Carbon Film Resistor 1kΩ', 'Resistor used in electronics manufacturing', 'Ohm', 'Passive Component', 1.07, 'SUP018', 634), ('MAT050', 'Tactile Push Button Switch', 'Switch used in electronics manufacturing', 'Piece', 'Mechanical', 3.6, 'SUP030', 414), ('MAT051', '5V Relay Module', 'Relay used in electronics manufacturing', 'Piece', 'Electromechanical', 14.05, 'SUP029', 361), ('MAT052', 'Schottky Diode 1N5819', 'Diode used in electronics manufacturing', 'Piece', 'Semiconductor', 14.2, 'SUP014', 836), ('MAT053', 'Schottky Diode 1N5819', 'Diode used in electronics manufacturing', 'Piece', 'Semiconductor', 14.15, 'SUP025', 483), ('MAT054', 'SMD Resistor 10kΩ', 'Resistor used in electronics manufacturing', 'Ohm', 'Passive Component', 20.32, 'SUP003', 589), ('MAT055', 'Carbon Film Resistor 1kΩ', 'Resistor used in electronics manufacturing', 'Ohm', 'Passive Component', 40.61, 'SUP003', 878), ('MAT056', 'Schottky Diode 1N5819', 'Diode used in electronics manufacturing', 'Piece', 'Semiconductor', 2.75, 'SUP026', 832), ('MAT057', '5V Relay Module', 'Relay used in electronics manufacturing', 'Piece', 'Electromechanical', 47.21, 'SUP026', 506), ('MAT058', 'Tactile Push Button Switch', 'Switch used in electronics manufacturing', 'Piece', 'Mechanical', 13.8, 'SUP008', 267), ('MAT059', 'Zener Diode 5.1V', 'Diode used in electronics manufacturing', 'Piece', 'Semiconductor', 36.6, 'SUP019', 685), ('MAT060', 'Single Layer PCB 10cm x 10cm', 'PCB Board used in electronics manufacturing', 'Sheet', 'Mechanical', 9.36, 'SUP030', 282), ('MAT061', 'Crystal Oscillator 16MHz', 'Oscillator used in electronics manufacturing', 'MHz', 'Electronic Component', 30.28, 'SUP016', 519), ('MAT062', 'Zener Diode 5.1V', 'Diode used in electronics manufacturing', 'Piece', 'Semiconductor', 25.91, 'SUP013', 825), ('MAT063', 'Crystal Oscillator 16MHz', 'Oscillator used in electronics manufacturing', 'MHz', 'Electronic Component', 34.36, 'SUP002', 362), ('MAT064', 'MOSFET IRF540', 'Transistor used in electronics manufacturing', 'Piece', 'Semiconductor', 9.08, 'SUP007', 756), ('MAT065', '5V Relay Module', 'Relay used in electronics manufacturing', 'Piece', 'Electromechanical', 21.96, 'SUP002', 574), ('MAT066', 'DHT11 Temperature & Humidity Sensor', 'Sensor used in electronics manufacturing', 'Piece', 'Sensor', 21.76, 'SUP014', 601), ('MAT067', 'Multi-Layer PCB 15cm x 15cm', 'PCB Board used in electronics manufacturing', 'Sheet', 'Mechanical', 41.71, 'SUP016', 490), ('MAT068', 'SMD Resistor 10kΩ', 'Resistor used in electronics manufacturing', 'Ohm', 'Passive Component', 47.03, 'SUP012', 659), ('MAT069', 'Brushed DC Motor 12V', 'Motor used in electronics manufacturing', 'Piece', 'Electromechanical', 7.87, 'SUP027', 503), ('MAT070', 'Red SMD LED 0805', 'LED used in electronics manufacturing', 'Piece', 'Optoelectronic', 28.82, 'SUP023', 483), ('MAT071', 'Op-Amp LM358', 'IC Chip used in electronics manufacturing', 'Piece', 'Integrated Circuit', 3.85, 'SUP009', 394), ('MAT072', 'Op-Amp LM358', 'IC Chip used in electronics manufacturing', 'Piece', 'Integrated Circuit', 38.73, 'SUP022', 471), ('MAT073', 'MOSFET IRF540', 'Transistor used in electronics manufacturing', 'Piece', 'Semiconductor', 50.0, 'SUP021', 686), ('MAT074', '555 Timer IC', 'IC Chip used in electronics manufacturing', 'Piece', 'Integrated Circuit', 4.09, 'SUP018', 939), ('MAT075', 'Carbon Film Resistor 1kΩ', 'Resistor used in electronics manufacturing', 'Ohm', 'Passive Component', 32.46, 'SUP006', 710), ('MAT076', 'Ceramic Capacitor 100nF', 'Capacitor used in electronics manufacturing', 'Farad', 'Passive Component', 33.71, 'SUP021', 492), ('MAT077', 'Rotary Encoder Switch', 'Switch used in electronics manufacturing', 'Piece', 'Mechanical', 39.99, 'SUP007', 964), ('MAT078', 'Brushed DC Motor 12V', 'Motor used in electronics manufacturing', 'Piece', 'Electromechanical', 46.19, 'SUP010', 388), ('MAT079', 'Multi-Layer PCB 15cm x 15cm', 'PCB Board used in electronics manufacturing', 'Sheet', 'Mechanical', 48.68, 'SUP014', 996), ('MAT080', 'Ceramic Capacitor 100nF', 'Capacitor used in electronics manufacturing', 'Farad', 'Passive Component', 19.69, 'SUP016', 329), ('MAT081', 'Lithium-Polymer Battery 3.7V 5000mAh', 'Battery used in electronics manufacturing', 'mAh', 'Power Supply', 34.23, 'SUP024', 967), ('MAT082', '7-Segment LED Display', 'LED used in electronics manufacturing', 'Piece', 'Optoelectronic', 15.82, 'SUP013', 234), ('MAT084', 'Rotary Encoder Switch', 'Switch used in electronics manufacturing', 'Piece', 'Mechanical', 29.28, 'SUP019', 679), ('MAT085', '555 Timer IC', 'IC Chip used in electronics manufacturing', 'Piece', 'Integrated Circuit', 19.39, 'SUP017', 551), ('MAT086', 'Toroidal Inductor 10mH', 'Inductor used in electronics manufacturing', 'Henry', 'Passive Component', 44.63, 'SUP015', 138), ('MAT087', 'MEMS Oscillator 8MHz', 'Oscillator used in electronics manufacturing', 'MHz', 'Electronic Component', 43.57, 'SUP014', 196), ('MAT088', 'USB Type-C Connector', 'Connector used in electronics manufacturing', 'Piece', 'Mechanical', 9.98, 'SUP007', 528), ('MAT089', '18650 Li-Ion Battery 3.7V 2500mAh', 'Battery used in electronics manufacturing', 'mAh', 'Power Supply', 25.22, 'SUP015', 900), ('MAT090', 'SMD Resistor 10kΩ', 'Resistor used in electronics manufacturing', 'Ohm', 'Passive Component', 27.35, 'SUP010', 455), ('MAT091', 'ATmega328P', 'Microcontroller used in electronics manufacturing', 'Piece', 'Integrated Circuit', 44.16, 'SUP022', 783), ('MAT092', 'SMD Resistor 10kΩ', 'Resistor used in electronics manufacturing', 'Ohm', 'Passive Component', 44.37, 'SUP009', 103), ('MAT093', 'Op-Amp LM358', 'IC Chip used in electronics manufacturing', 'Piece', 'Integrated Circuit', 32.57, 'SUP029', 248), ('MAT094', 'Red SMD LED 0805', 'LED used in electronics manufacturing', 'Piece', 'Optoelectronic', 29.69, 'SUP025', 670), ('MAT095', '7-Segment LED Display', 'LED used in electronics manufacturing', 'Piece', 'Optoelectronic', 30.11, 'SUP016', 851), ('MAT096', 'Carbon Film Resistor 1kΩ', 'Resistor used in electronics manufacturing', 'Ohm', 'Passive Component', 44.46, 'SUP013', 64), ('MAT097', '18650 Li-Ion Battery 3.7V 2500mAh', 'Battery used in electronics manufacturing', 'mAh', 'Power Supply', 39.79, 'SUP025', 802), ('MAT098', 'Toroidal Inductor 10mH', 'Inductor used in electronics manufacturing', 'Henry', 'Passive Component', 2.17, 'SUP028', 692), ('MAT099', 'Rotary Encoder Switch', 'Switch used in electronics manufacturing', 'Piece', 'Mechanical', 20.32, 'SUP025', 99), ('MAT100', '18650 Li-Ion Battery 3.7V 2500mAh', 'Battery used in electronics manufacturing', 'mAh', 'Power Supply', 5.38, 'SUP026', 583);


--product_raw_materials

CREATE OR REPLACE TABLE VISK_INDUS_PVT_LTD.RAW.product_raw_materials (
ProductID VARCHAR2(255)
,MaterialID VARCHAR2(255)
,QuantityRequired VARCHAR2(255)
,CONSTRAINT PKEY_PID   PRIMARY KEY (ProductID) NOT ENFORCED
);


INSERT INTO VISK_INDUS_PVT_LTD.RAW.product_raw_materials  (ProductID, MaterialID, QuantityRequired) 
VALUES ('PRD001', 'MAT036', 1), ('PRD001', 'MAT069', 3), ('PRD001', 'MAT070', 3), ('PRD001', 'MAT054', 2), ('PRD002', 'MAT009', 6), ('PRD002', 'MAT062', 6), ('PRD002', 'MAT008', 1), ('PRD002', 'MAT026', 6), ('PRD003', 'MAT079', 10), ('PRD003', 'MAT064', 8), ('PRD003', 'MAT081', 8), ('PRD003', 'MAT047', 7), ('PRD003', 'MAT023', 4), ('PRD004', 'MAT092', 4), ('PRD004', 'MAT093', 10), ('PRD004', 'MAT003', 9), ('PRD005', 'MAT067', 6), ('PRD005', 'MAT002', 2), ('PRD005', 'MAT063', 7), ('PRD005', 'MAT100', 2), ('PRD005', 'MAT001', 3), ('PRD005', 'MAT051', 10), ('PRD006', 'MAT044', 1), ('PRD006', 'MAT061', 7), ('PRD006', 'MAT043', 2), ('PRD006', 'MAT085', 1), ('PRD006', 'MAT093', 10), ('PRD006', 'MAT055', 4), ('PRD007', 'MAT055', 3), ('PRD007', 'MAT089', 5), ('PRD007', 'MAT068', 9), ('PRD007', 'MAT087', 7), ('PRD007', 'MAT042', 8), ('PRD008', 'MAT097', 10), ('PRD008', 'MAT086', 5), ('PRD008', 'MAT074', 7), ('PRD008', 'MAT087', 5), ('PRD009', 'MAT049', 9), ('PRD009', 'MAT007', 6), ('PRD009', 'MAT005', 7), ('PRD009', 'MAT030', 2), ('PRD009', 'MAT063', 7), ('PRD010', 'MAT041', 2), ('PRD010', 'MAT082', 3), ('PRD010', 'MAT025', 3), ('PRD010', 'MAT028', 7), ('PRD010', 'MAT094', 5), ('PRD010', 'MAT014', 4), ('PRD011', 'MAT016', 5), ('PRD011', 'MAT055', 5), ('PRD011', 'MAT041', 6), ('PRD012', 'MAT077', 9), ('PRD012', 'MAT055', 2), ('PRD012', 'MAT051', 7), ('PRD012', 'MAT073', 9), ('PRD013', 'MAT043', 3), ('PRD013', 'MAT015', 6), ('PRD013', 'MAT052', 2), ('PRD013', 'MAT086', 8), ('PRD014', 'MAT009', 5), ('PRD014', 'MAT081', 6), ('PRD014', 'MAT084', 3), ('PRD014', 'MAT060', 7), ('PRD014', 'MAT086', 8), ('PRD014', 'MAT077', 9), ('PRD015', 'MAT053', 7), ('PRD015', 'MAT069', 8), ('PRD015', 'MAT019', 3), ('PRD015', 'MAT016', 7), ('PRD015', 'MAT021', 8), ('PRD016', 'MAT042', 1), ('PRD016', 'MAT097', 9), ('PRD016', 'MAT055', 7), ('PRD017', 'MAT058', 9), ('PRD017', 'MAT009', 2), ('PRD017', 'MAT025', 8), ('PRD017', 'MAT085', 8), ('PRD017', 'MAT034', 9), ('PRD017', 'MAT031', 8), ('PRD018', 'MAT074', 5), ('PRD018', 'MAT015', 6), ('PRD018', 'MAT047', 6), ('PRD019', 'MAT039', 2), ('PRD019', 'MAT008', 4), ('PRD019', 'MAT097', 7), ('PRD019', 'MAT004', 7), ('PRD019', 'MAT019', 7), ('PRD019', 'MAT081', 9), ('PRD020', 'MAT001', 10), ('PRD020', 'MAT041', 3), ('PRD020', 'MAT051', 2), ('PRD020', 'MAT081', 3), ('PRD021', 'MAT029', 8), ('PRD021', 'MAT040', 9), ('PRD021', 'MAT011', 5), ('PRD021', 'MAT082', 3), ('PRD021', 'MAT100', 2), ('PRD022', 'MAT002', 1), ('PRD022', 'MAT077', 6), ('PRD022', 'MAT097', 5), ('PRD023', 'MAT012', 6), ('PRD023', 'MAT011', 9), ('PRD023', 'MAT003', 7), ('PRD023', 'MAT047', 3), ('PRD023', 'MAT052', 6), ('PRD023', 'MAT060', 7), ('PRD024', 'MAT098', 5), ('PRD024', 'MAT013', 4), ('PRD024', 'MAT082', 4), ('PRD024', 'MAT060', 6), ('PRD025', 'MAT053', 8), ('PRD025', 'MAT021', 5), ('PRD025', 'MAT056', 8), ('PRD025', 'MAT060', 7), ('PRD026', 'MAT036', 10), ('PRD026', 'MAT100', 6), ('PRD026', 'MAT095', 4), ('PRD027', 'MAT090', 9), ('PRD027', 'MAT047', 5), ('PRD027', 'MAT072', 4), ('PRD027', 'MAT043', 5), ('PRD027', 'MAT012', 8), ('PRD027', 'MAT017', 3), ('PRD028', 'MAT052', 2), ('PRD028', 'MAT089', 6), ('PRD028', 'MAT028', 4), ('PRD028', 'MAT079', 2), ('PRD029', 'MAT073', 4), ('PRD029', 'MAT048', 9), ('PRD029', 'MAT033', 6), ('PRD029', 'MAT054', 3), ('PRD029', 'MAT070', 10), ('PRD029', 'MAT008', 5), ('PRD030', 'MAT095', 5), ('PRD030', 'MAT008', 1), ('PRD030', 'MAT055', 7), ('PRD031', 'MAT100', 5), ('PRD031', 'MAT024', 7), ('PRD031', 'MAT091', 6), ('PRD032', 'MAT043', 3), ('PRD032', 'MAT099', 4), ('PRD032', 'MAT097', 8), ('PRD032', 'MAT025', 10), ('PRD032', 'MAT053', 4), ('PRD033', 'MAT021', 2), ('PRD033', 'MAT089', 7), ('PRD033', 'MAT020', 7), ('PRD033', 'MAT071', 1), ('PRD033', 'MAT036', 1), ('PRD033', 'MAT091', 3), ('PRD034', 'MAT087', 3), ('PRD034', 'MAT079', 4), ('PRD034', 'MAT093', 6), ('PRD035', 'MAT082', 5), ('PRD035', 'MAT091', 9), ('PRD035', 'MAT006', 1), ('PRD035', 'MAT005', 3), ('PRD035', 'MAT039', 9), ('PRD035', 'MAT093', 2), ('PRD036', 'MAT076', 8), ('PRD036', 'MAT072', 10), ('PRD036', 'MAT078', 1), ('PRD037', 'MAT080', 7), ('PRD037', 'MAT075', 1), ('PRD037', 'MAT021', 6), ('PRD037', 'MAT033', 8), ('PRD037', 'MAT011', 7), ('PRD038', 'MAT067', 10), ('PRD038', 'MAT029', 4), ('PRD038', 'MAT060', 5), ('PRD039', 'MAT042', 3), ('PRD039', 'MAT043', 8), ('PRD039', 'MAT086', 2), ('PRD039', 'MAT055', 4), ('PRD039', 'MAT053', 2), ('PRD039', 'MAT013', 4), ('PRD040', 'MAT061', 1), ('PRD040', 'MAT030', 9), ('PRD040', 'MAT026', 5), ('PRD040', 'MAT010', 6), ('PRD041', 'MAT051', 3), ('PRD041', 'MAT015', 6), ('PRD041', 'MAT004', 9), ('PRD041', 'MAT003', 7), ('PRD042', 'MAT095', 7), ('PRD042', 'MAT007', 2), ('PRD042', 'MAT089', 2), ('PRD042', 'MAT017', 4), ('PRD042', 'MAT042', 9), ('PRD043', 'MAT022', 8), ('PRD043', 'MAT042', 9), ('PRD043', 'MAT059', 5), ('PRD043', 'MAT066', 6), ('PRD044', 'MAT053', 8), ('PRD044', 'MAT037', 4), ('PRD044', 'MAT071', 5), ('PRD045', 'MAT073', 5), ('PRD045', 'MAT034', 1), ('PRD045', 'MAT048', 7), ('PRD045', 'MAT037', 1), ('PRD045', 'MAT005', 8), ('PRD045', 'MAT054', 5), ('PRD046', 'MAT012', 2), ('PRD046', 'MAT011', 1), ('PRD046', 'MAT028', 9), ('PRD046', 'MAT019', 1), ('PRD047', 'MAT068', 7), ('PRD047', 'MAT074', 7), ('PRD047', 'MAT015', 3), ('PRD047', 'MAT100', 2), ('PRD048', 'MAT060', 8), ('PRD048', 'MAT057', 10), ('PRD048', 'MAT050', 6), ('PRD048', 'MAT043', 2), ('PRD048', 'MAT002', 2), ('PRD048', 'MAT079', 2), ('PRD049', 'MAT036', 7), ('PRD049', 'MAT051', 6), ('PRD049', 'MAT096', 8), ('PRD049', 'MAT061', 6), ('PRD049', 'MAT087', 5), ('PRD050', 'MAT084', 5), ('PRD050', 'MAT051', 4), ('PRD050', 'MAT022', 3), ('PRD051', 'MAT027', 1), ('PRD051', 'MAT038', 10), ('PRD051', 'MAT014', 9), ('PRD051', 'MAT013', 8), ('PRD051', 'MAT032', 1), ('PRD052', 'MAT046', 1), ('PRD052', 'MAT088', 3), ('PRD052', 'MAT062', 7), ('PRD052', 'MAT051', 5), ('PRD052', 'MAT055', 10), ('PRD052', 'MAT084', 8), ('PRD053', 'MAT076', 8), ('PRD053', 'MAT050', 1), ('PRD053', 'MAT065', 5), ('PRD054', 'MAT081', 3), ('PRD054', 'MAT020', 5), ('PRD054', 'MAT008', 7), ('PRD054', 'MAT005', 10), ('PRD054', 'MAT097', 7), ('PRD055', 'MAT080', 7), ('PRD055', 'MAT085', 2), ('PRD055', 'MAT063', 5), ('PRD055', 'MAT071', 8), ('PRD056', 'MAT059', 6), ('PRD056', 'MAT064', 9), ('PRD056', 'MAT026', 5), ('PRD057', 'MAT060', 7), ('PRD057', 'MAT059', 6), ('PRD057', 'MAT076', 2), ('PRD058', 'MAT012', 10), ('PRD058', 'MAT040', 2), ('PRD058', 'MAT072', 3), ('PRD058', 'MAT017', 6), ('PRD059', 'MAT021', 1), ('PRD059', 'MAT035', 8), ('PRD059', 'MAT008', 5), ('PRD060', 'MAT079', 1), ('PRD060', 'MAT026', 3), ('PRD060', 'MAT044', 7), ('PRD060', 'MAT089', 8), ('PRD060', 'MAT002', 5), ('PRD060', 'MAT007', 2);


-- WorkCenters
CREATE OR REPLACE TABLE VISK_INDUS_PVT_LTD.RAW.WorkCenters (
WorkCenterID VARCHAR(255)
,WorkCenterName VARCHAR(255) NOT NULL
,Description TEXT
,CONSTRAINT PKEY_WCID   PRIMARY KEY (WorkCenterID) NOT ENFORCED
);

-- ,CONSTRAINT PKEY_MATID   PRIMARY KEY (MaterialID) NOT ENFORCED
-- ,FOREIGN KEY (SupplierID) REFERENCES Suppliers(SupplierID) -- Foreign key constraint


INSERT INTO VISK_INDUS_PVT_LTD.RAW.WorkCenters (WorkCenterID, WorkCenterName, Description) 
VALUES ('WC001', 'PCB Assembly Line', 'PCB Assembly Line used in electronics manufacturing process'), ('WC002', 'Surface Mount Technology (SMT) Line', 'Surface Mount Technology (SMT) Line used in electronics manufacturing process'), ('WC003', 'Through-Hole Soldering Station', 'Through-Hole Soldering Station used in electronics manufacturing process'), ('WC004', 'Quality Control & Testing', 'Quality Control & Testing used in electronics manufacturing process'), ('WC005', 'Final Product Assembly', 'Final Product Assembly used in electronics manufacturing process'), ('WC006', 'Component Storage & Handling', 'Component Storage & Handling used in electronics manufacturing process'), ('WC007', 'Wave Soldering Line', 'Wave Soldering Line used in electronics manufacturing process'), ('WC008', 'Reflow Oven Processing', 'Reflow Oven Processing used in electronics manufacturing process'), ('WC009', 'Packaging & Labeling', 'Packaging & Labeling used in electronics manufacturing process'), ('WC010', 'Circuit Board Prototyping', 'Circuit Board Prototyping used in electronics manufacturing process'), ('WC011', 'Battery Pack Assembly', 'Battery Pack Assembly used in electronics manufacturing process'), ('WC012', 'Microcontroller Programming', 'Microcontroller Programming used in electronics manufacturing process'), ('WC013', 'Automated Optical Inspection (AOI)', 'Automated Optical Inspection (AOI) used in electronics manufacturing process'), ('WC014', 'Injection Molding for Casings', 'Injection Molding for Casings used in electronics manufacturing process'), ('WC015', 'Functional Testing Lab', 'Functional Testing Lab used in electronics manufacturing process'), ('WC016', 'Electromechanical Assembly', 'Electromechanical Assembly used in electronics manufacturing process'), ('WC017', 'RF Shielding & Testing', 'RF Shielding & Testing used in electronics manufacturing process'), ('WC018', 'High Voltage Testing', 'High Voltage Testing used in electronics manufacturing process'), ('WC019', 'Laser Marking & Engraving', 'Laser Marking & Engraving used in electronics manufacturing process'), ('WC020', 'Environmental Stress Testing', 'Environmental Stress Testing used in electronics manufacturing process'), ('WC021', 'Thermal Chamber Testing', 'Thermal Chamber Testing used in electronics manufacturing process'), ('WC022', 'Vibration & Shock Testing', 'Vibration & Shock Testing used in electronics manufacturing process'), ('WC023', 'Conformal Coating Application', 'Conformal Coating Application used in electronics manufacturing process'), ('WC024', 'Firmware Upload Station', 'Firmware Upload Station used in electronics manufacturing process'), ('WC025', 'Power Supply Testing', 'Power Supply Testing used in electronics manufacturing process'), ('WC026', 'Burn-in Testing Room', 'Burn-in Testing Room used in electronics manufacturing process'), ('WC027', 'EMI/EMC Testing Lab', 'EMI/EMC Testing Lab used in electronics manufacturing process'), ('WC028', 'Wire Harness Assembly', 'Wire Harness Assembly used in electronics manufacturing process'), ('WC029', 'Die Casting & Machining', 'Die Casting & Machining used in electronics manufacturing process'), ('WC030', 'ESD Protection & Handling Area', 'ESD Protection & Handling Area used in electronics manufacturing process');



--Products
CREATE OR REPLACE TABLE VISK_INDUS_PVT_LTD.RAW.Products
(
ProductID VARCHAR(255)
,ProductName VARCHAR(255) NOT NULL
,Description TEXT
,UnitPrice DECIMAL(10, 2)
,CategoryID VARCHAR(255)
,SupplierID VARCHAR(255)
,CONSTRAINT PKEY_ID PRIMARY KEY (ProductID) NOT ENFORCED
,FOREIGN KEY (CategoryID) REFERENCES Categories(CategoryID)
,FOREIGN KEY (SupplierID) REFERENCES Suppliers(SupplierID)
);


INSERT INTO VISK_INDUS_PVT_LTD.RAW.Products (ProductID, ProductName, Description, UnitPrice, CategoryID, SupplierID) 
VALUES ('PRD001', 'Arduino Uno', 'Microcontroller board for embedded systems', 25.99, 'CAT023', 'SUP007'), ('PRD002', 'Raspberry Pi 4', 'Single-board computer for various applications', 45.0, 'CAT023', 'SUP007'), ('PRD003', 'ESP8266 WiFi Module', 'IoT module for wireless connectivity', 5.99, 'CAT036', 'SUP008'), ('PRD004', 'Atmega328P Microcontroller', 'Microcontroller used in Arduino', 2.5, 'CAT001', 'SUP007'), ('PRD005', 'LM358 Op-Amp', 'Operational amplifier IC', 0.75, 'CAT007', 'SUP003'), ('PRD006', '74HC595 Shift Register', '8-bit shift register IC', 1.2, 'CAT007', 'SUP003'), ('PRD007', '220 Ohm Resistor Pack', 'Pack of 100 resistors', 2.0, 'CAT002', 'SUP004'), ('PRD008', '10k Ohm Potentiometer', 'Variable resistor', 1.5, 'CAT002', 'SUP004'), ('PRD009', '470uF Capacitor', 'Electrolytic capacitor', 1.0, 'CAT003', 'SUP005'), ('PRD010', '16MHz Crystal Oscillator', 'Clock generator for microcontrollers', 0.8, 'CAT022', 'SUP006'), ('PRD011', 'IR Sensor Module', 'Infrared sensor for motion detection', 3.99, 'CAT009', 'SUP012'), ('PRD012', '5V Relay Module', 'Electromechanical relay for switching circuits', 4.5, 'CAT018', 'SUP018'), ('PRD013', 'OLED Display 1.3-inch', 'Small monochrome display', 12.99, 'CAT014', 'SUP011'), ('PRD014', 'Lithium-Ion Battery 3.7V 2000mAh', 'Rechargeable battery', 8.0, 'CAT010', 'SUP006'), ('PRD015', 'USB Type-C Connector', 'Connector for charging and data transfer', 0.99, 'CAT011', 'SUP010'), ('PRD016', 'SMD LED Pack', 'Pack of 50 surface-mounted LEDs', 5.0, 'CAT015', 'SUP015'), ('PRD017', 'DC Motor 12V', 'Motor for robotics and automation', 9.99, 'CAT017', 'SUP019'), ('PRD018', 'Stepper Motor NEMA 17', 'Precision stepper motor', 15.99, 'CAT017', 'SUP019'), ('PRD019', 'Cooling Fan 12V', 'Fan for heat dissipation', 6.5, 'CAT021', 'SUP020'), ('PRD020', 'Voltage Regulator LM7805', '5V voltage regulator IC', 1.2, 'CAT016', 'SUP006'), ('PRD021', 'Smart Home Hub', 'IoT hub for smart home automation', 59.99, 'CAT039', 'SUP030'), ('PRD022', 'RFID Module', 'RFID reader for access control', 7.5, 'CAT027', 'SUP010'), ('PRD023', 'Wireless Charger Module', 'Wireless charging circuit', 12.99, 'CAT034', 'SUP030'), ('PRD024', 'Solar Panel 10W', 'Small solar panel for renewable energy', 25.0, 'CAT016', 'SUP022'), ('PRD025', 'Transistor BC547', 'General-purpose NPN transistor', 0.3, 'CAT006', 'SUP005'), ('PRD026', 'Optocoupler 4N35', 'Isolator for high-voltage circuits', 1.5, 'CAT029', 'SUP009'), ('PRD027', 'Piezo Buzzer', 'Buzzer for sound output', 1.0, 'CAT026', 'SUP027'), ('PRD028', 'Microphone Module', 'Sound detection microphone', 4.0, 'CAT031', 'SUP031'), ('PRD029', 'Bluetooth Audio Module', 'Wireless audio transmission module', 15.0, 'CAT026', 'SUP027'), ('PRD030', 'GPS Module', 'GPS positioning module', 18.99, 'CAT027', 'SUP010'), ('PRD031', 'Transistor BC547 v2', 'General-purpose NPN transistor', 0.9199999999999999, 'CAT006', 'SUP005'), ('PRD032', 'Wireless Charger Module v3', 'Wireless charging circuit', 14.48, 'CAT034', 'SUP030'), ('PRD033', 'Lithium-Ion Battery 3.7V 2000mAh v1', 'Rechargeable battery', 8.68, 'CAT010', 'SUP006'), ('PRD034', 'Optocoupler 4N35 v2', 'Isolator for high-voltage circuits', -0.020000000000000018, 'CAT029', 'SUP009'), ('PRD035', 'IR Sensor Module v3', 'Infrared sensor for motion detection', 2.4000000000000004, 'CAT009', 'SUP012'), ('PRD036', 'Voltage Regulator LM7805 v1', '5V voltage regulator IC', 1.94, 'CAT016', 'SUP006'), ('PRD037', '10k Ohm Potentiometer v2', 'Variable resistor', 0.20999999999999996, 'CAT002', 'SUP004'), ('PRD038', 'Solar Panel 10W v3', 'Small solar panel for renewable energy', 26.91, 'CAT016', 'SUP022'), ('PRD039', 'DC Motor 12V v1', 'Motor for robotics and automation', 11.72, 'CAT017', 'SUP019'), ('PRD040', 'Wireless Charger Module v2', 'Wireless charging circuit', 13.65, 'CAT034', 'SUP030'), ('PRD041', 'LM358 Op-Amp v3', 'Operational amplifier IC', 0.79, 'CAT007', 'SUP003'), ('PRD042', 'Transistor BC547 v1', 'General-purpose NPN transistor', -0.15000000000000002, 'CAT006', 'SUP005'), ('PRD043', 'LM358 Op-Amp v2', 'Operational amplifier IC', 1.18, 'CAT007', 'SUP003'), ('PRD044', 'Lithium-Ion Battery 3.7V 2000mAh v3', 'Rechargeable battery', 9.59, 'CAT010', 'SUP006'), ('PRD045', 'ESP8266 WiFi Module v1', 'IoT module for wireless connectivity', 7.33, 'CAT036', 'SUP008'), ('PRD046', 'Piezo Buzzer v2', 'Buzzer for sound output', -0.79, 'CAT026', 'SUP027'), ('PRD047', 'Raspberry Pi 4 v3', 'Single-board computer for various applications', 45.23, 'CAT023', 'SUP007'), ('PRD048', 'GPS Module v1', 'GPS positioning module', 19.5, 'CAT027', 'SUP010'), ('PRD049', 'Atmega328P Microcontroller v2', 'Microcontroller used in Arduino', 4.28, 'CAT001', 'SUP007'), ('PRD050', 'ESP8266 WiFi Module v3', 'IoT module for wireless connectivity', 6.62, 'CAT036', 'SUP008'), ('PRD051', 'IR Sensor Module v1', 'Infrared sensor for motion detection', 4.57, 'CAT009', 'SUP012'), ('PRD052', '220 Ohm Resistor Pack v2', 'Pack of 100 resistors', 1.47, 'CAT002', 'SUP004'), ('PRD053', 'Transistor BC547 v3', 'General-purpose NPN transistor', 0.18, 'CAT006', 'SUP005'), ('PRD054', 'Atmega328P Microcontroller v1', 'Microcontroller used in Arduino', 4.15, 'CAT001', 'SUP007'), ('PRD055', 'OLED Display 1.3-inch v2', 'Small monochrome display', 11.790000000000001, 'CAT014', 'SUP011'), ('PRD056', 'Raspberry Pi 4 v3', 'Single-board computer for various applications', 43.25, 'CAT023', 'SUP007'), ('PRD057', 'Voltage Regulator LM7805 v1', '5V voltage regulator IC', 1.53, 'CAT016', 'SUP006'), ('PRD058', '10k Ohm Potentiometer v2', 'Variable resistor', -0.25, 'CAT002', 'SUP004'), ('PRD059', 'GPS Module v3', 'GPS positioning module', 20.36, 'CAT027', 'SUP010'), ('PRD060', 'Cooling Fan 12V v1', 'Fan for heat dissipation', 7.5, 'CAT021', 'SUP020');


---ProductionOrders
CREATE OR REPLACE TABLE VISK_INDUS_PVT_LTD.RAW.ProductionOrders (
OrderID VARCHAR2(255)
,ProductID VARCHAR2(255)
,OrderDate DATE
,Quantity INT
,DueDate DATE
,WorkCenterID VARCHAR2(255)
,Status VARCHAR2(255)
,CustomerID VARCHAR2(255)
,CONSTRAINT PKEY_OID_OID   PRIMARY KEY (OrderID,ProductID) NOT ENFORCED
,FOREIGN KEY (ProductID) REFERENCES Products(ProductID)  NOT ENFORCED
,FOREIGN KEY (WorkCenterID) REFERENCES WorkCenters(WorkCenterID)  NOT ENFORCED
);
EmployeeWorkCenterAssignment

INSERT INTO VISK_INDUS_PVT_LTD.RAW.ProductionOrders  (OrderID, ProductID, OrderDate, Quantity, DueDate, WorkCenterID, Status, CustomerID) 
VALUES ('PO001', 'PROD044', '2024-06-07', 402, '2024-07-02', 'WC018', 'In Progress', 'CUST023'), ('PO002', 'PROD003', '2024-01-28', 14, '2024-02-14', 'WC010', 'Pending', 'CUST004'), ('PO003', 'PROD005', '2024-04-14', 68, '2024-05-09', 'WC014', 'Pending', 'CUST004'), ('PO004', 'PROD043', '2024-11-18', 177, '2024-11-28', 'WC004', 'Completed', 'CUST049'), ('PO005', 'PROD006', '2024-08-07', 52, '2024-08-20', 'WC021', 'Cancelled', 'CUST046'), ('PO006', 'PROD031', '2024-08-28', 459, '2024-09-13', 'WC028', 'Pending', 'CUST015'), ('PO007', 'PROD042', '2024-05-27', 396, '2024-06-25', 'WC028', 'In Progress', 'CUST022'), ('PO008', 'PROD039', '2024-12-06', 210, '2024-12-17', 'WC013', 'Pending', 'CUST050'), ('PO009', 'PROD041', '2024-02-04', 94, '2024-02-11', 'WC025', 'Pending', 'CUST002'), ('PO010', 'PROD042', '2024-03-15', 449, '2024-04-06', 'WC016', 'Pending', 'CUST034'), ('PO011', 'PROD006', '2024-05-10', 417, '2024-05-19', 'WC009', 'In Progress', 'CUST026'), ('PO012', 'PROD054', '2024-09-17', 320, '2024-10-13', 'WC015', 'In Progress', 'CUST024'), ('PO013', 'PROD005', '2024-03-09', 380, '2024-03-24', 'WC022', 'Pending', 'CUST047'), ('PO014', 'PROD048', '2024-03-19', 197, '2024-04-07', 'WC028', 'Pending', 'CUST001'), ('PO015', 'PROD020', '2024-09-07', 49, '2024-09-24', 'WC025', 'Completed', 'CUST030'), ('PO016', 'PROD006', '2024-10-18', 295, '2024-10-27', 'WC008', 'Completed', 'CUST035'), ('PO017', 'PROD010', '2024-11-06', 417, '2024-11-30', 'WC025', 'Cancelled', 'CUST015'), ('PO018', 'PROD032', '2024-03-11', 136, '2024-03-27', 'WC015', 'Cancelled', 'CUST042'), ('PO019', 'PROD031', '2024-07-06', 206, '2024-07-23', 'WC018', 'In Progress', 'CUST047'), ('PO020', 'PROD016', '2024-09-02', 258, '2024-09-28', 'WC009', 'Cancelled', 'CUST028'), ('PO021', 'PROD038', '2024-05-03', 110, '2024-05-10', 'WC003', 'In Progress', 'CUST024'), ('PO022', 'PROD055', '2024-02-07', 223, '2024-02-21', 'WC004', 'In Progress', 'CUST020'), ('PO023', 'PROD043', '2024-11-02', 334, '2024-11-14', 'WC003', 'Completed', 'CUST012'), ('PO024', 'PROD051', '2024-03-14', 100, '2024-04-08', 'WC025', 'Pending', 'CUST049'), ('PO025', 'PROD002', '2024-02-04', 121, '2024-02-17', 'WC030', 'Pending', 'CUST021'), ('PO026', 'PROD055', '2024-12-06', 388, '2024-12-23', 'WC018', 'Completed', 'CUST025'), ('PO027', 'PROD057', '2024-02-16', 161, '2024-03-08', 'WC010', 'Cancelled', 'CUST047'), ('PO028', 'PROD020', '2024-03-24', 163, '2024-04-08', 'WC024', 'Cancelled', 'CUST006'), ('PO029', 'PROD014', '2024-06-19', 226, '2024-07-07', 'WC010', 'In Progress', 'CUST034'), ('PO030', 'PROD022', '2024-10-24', 470, '2024-11-04', 'WC024', 'In Progress', 'CUST030'), ('PO031', 'PROD001', '2024-04-18', 399, '2024-05-13', 'WC022', 'Cancelled', 'CUST046'), ('PO032', 'PROD053', '2024-09-23', 370, '2024-10-20', 'WC022', 'Completed', 'CUST010'), ('PO033', 'PROD037', '2024-01-03', 86, '2024-01-31', 'WC018', 'Cancelled', 'CUST033'), ('PO034', 'PROD030', '2024-12-03', 393, '2024-12-11', 'WC006', 'Pending', 'CUST005'), ('PO035', 'PROD014', '2024-09-21', 193, '2024-10-05', 'WC013', 'In Progress', 'CUST043'), ('PO036', 'PROD047', '2024-09-21', 299, '2024-09-30', 'WC004', 'Pending', 'CUST033'), ('PO037', 'PROD020', '2024-04-23', 244, '2024-05-16', 'WC026', 'Cancelled', 'CUST005'), ('PO038', 'PROD013', '2024-09-04', 352, '2024-10-01', 'WC008', 'Completed', 'CUST017'), ('PO039', 'PROD025', '2024-07-25', 207, '2024-08-10', 'WC024', 'Pending', 'CUST034'), ('PO040', 'PROD056', '2024-11-09', 95, '2024-11-19', 'WC018', 'Completed', 'CUST029'), ('PO041', 'PROD038', '2024-08-15', 193, '2024-08-30', 'WC022', 'Pending', 'CUST034'), ('PO042', 'PROD021', '2024-07-26', 263, '2024-08-19', 'WC011', 'Pending', 'CUST024'), ('PO043', 'PROD027', '2024-10-25', 62, '2024-11-21', 'WC008', 'Pending', 'CUST017'), ('PO044', 'PROD003', '2024-06-27', 382, '2024-07-08', 'WC024', 'Pending', 'CUST033'), ('PO045', 'PROD016', '2024-11-20', 251, '2024-12-13', 'WC023', 'Completed', 'CUST016'), ('PO046', 'PROD028', '2024-03-28', 38, '2024-04-15', 'WC023', 'Completed', 'CUST027'), ('PO047', 'PROD033', '2024-12-24', 437, '2025-01-18', 'WC027', 'In Progress', 'CUST046'), ('PO048', 'PROD033', '2024-09-23', 30, '2024-10-01', 'WC016', 'Completed', 'CUST022'), ('PO049', 'PROD023', '2024-12-08', 138, '2024-12-19', 'WC015', 'Pending', 'CUST037'), ('PO050', 'PROD026', '2024-02-04', 377, '2024-02-19', 'WC018', 'Cancelled', 'CUST024'), ('PO051', 'PROD042', '2024-07-04', 197, '2024-07-13', 'WC028', 'Pending', 'CUST023'), ('PO052', 'PROD011', '2024-04-19', 349, '2024-05-16', 'WC016', 'In Progress', 'CUST033'), ('PO053', 'PROD056', '2024-02-22', 58, '2024-03-19', 'WC016', 'Pending', 'CUST041'), ('PO054', 'PROD013', '2024-11-09', 215, '2024-12-05', 'WC025', 'Cancelled', 'CUST005'), ('PO055', 'PROD009', '2024-12-04', 101, '2024-12-27', 'WC014', 'Cancelled', 'CUST050'), ('PO056', 'PROD048', '2024-10-19', 111, '2024-11-13', 'WC030', 'Cancelled', 'CUST024'), ('PO057', 'PROD003', '2024-04-12', 135, '2024-04-23', 'WC027', 'Cancelled', 'CUST006'), ('PO058', 'PROD035', '2024-03-20', 25, '2024-04-11', 'WC012', 'In Progress', 'CUST042'), ('PO059', 'PROD043', '2024-03-22', 436, '2024-04-04', 'WC001', 'Pending', 'CUST038'), ('PO060', 'PROD054', '2024-05-23', 69, '2024-06-07', 'WC021', 'Completed', 'CUST042'), ('PO061', 'PROD046', '2024-10-12', 49, '2024-10-25', 'WC021', 'Pending', 'CUST014'), ('PO062', 'PROD044', '2024-01-18', 206, '2024-02-15', 'WC013', 'Completed', 'CUST014'), ('PO063', 'PROD043', '2024-04-20', 500, '2024-05-04', 'WC015', 'Completed', 'CUST049'), ('PO064', 'PROD049', '2024-01-19', 316, '2024-01-31', 'WC019', 'Pending', 'CUST022'), ('PO065', 'PROD048', '2024-06-05', 406, '2024-07-03', 'WC016', 'Cancelled', 'CUST004'), ('PO066', 'PROD012', '2024-07-04', 300, '2024-07-17', 'WC018', 'Pending', 'CUST016'), ('PO067', 'PROD029', '2024-04-16', 484, '2024-05-11', 'WC002', 'Pending', 'CUST045'), ('PO068', 'PROD005', '2024-07-01', 29, '2024-07-17', 'WC015', 'Pending', 'CUST030'), ('PO069', 'PROD024', '2024-04-03', 432, '2024-04-12', 'WC013', 'In Progress', 'CUST038'), ('PO070', 'PROD026', '2024-02-05', 114, '2024-02-25', 'WC029', 'Completed', 'CUST022'), ('PO071', 'PROD053', '2024-10-24', 458, '2024-11-13', 'WC030', 'Pending', 'CUST002'), ('PO072', 'PROD025', '2024-07-24', 212, '2024-08-23', 'WC004', 'Completed', 'CUST006'), ('PO073', 'PROD011', '2024-02-17', 256, '2024-02-24', 'WC027', 'Pending', 'CUST016'), ('PO074', 'PROD046', '2024-03-20', 171, '2024-04-09', 'WC024', 'Cancelled', 'CUST021'), ('PO075', 'PROD018', '2024-06-28', 412, '2024-07-22', 'WC024', 'Pending', 'CUST018'), ('PO076', 'PROD001', '2024-11-07', 483, '2024-11-18', 'WC023', 'In Progress', 'CUST010'), ('PO077', 'PROD044', '2024-04-02', 168, '2024-04-29', 'WC030', 'In Progress', 'CUST017'), ('PO078', 'PROD002', '2024-12-25', 327, '2025-01-11', 'WC006', 'Cancelled', 'CUST047'), ('PO079', 'PROD024', '2024-04-11', 60, '2024-04-30', 'WC030', 'In Progress', 'CUST019'), ('PO080', 'PROD038', '2024-08-10', 333, '2024-08-31', 'WC007', 'Pending', 'CUST039'), ('PO081', 'PROD045', '2024-07-09', 245, '2024-07-27', 'WC029', 'Completed', 'CUST032'), ('PO082', 'PROD020', '2024-08-12', 256, '2024-09-04', 'WC021', 'In Progress', 'CUST002'), ('PO083', 'PROD024', '2024-01-19', 71, '2024-02-15', 'WC012', 'Cancelled', 'CUST007'), ('PO084', 'PROD037', '2024-01-14', 455, '2024-01-30', 'WC003', 'Pending', 'CUST038'), ('PO085', 'PROD014', '2024-04-06', 191, '2024-04-15', 'WC013', 'Pending', 'CUST016'), ('PO086', 'PROD021', '2024-03-09', 112, '2024-03-17', 'WC014', 'In Progress', 'CUST019'), ('PO087', 'PROD060', '2024-08-20', 421, '2024-09-03', 'WC014', 'Cancelled', 'CUST027'), ('PO088', 'PROD017', '2024-03-09', 127, '2024-03-18', 'WC001', 'Completed', 'CUST022'), ('PO089', 'PROD022', '2024-12-16', 70, '2024-12-30', 'WC002', 'Completed', 'CUST015'), ('PO090', 'PROD028', '2024-12-26', 152, '2025-01-22', 'WC019', 'Completed', 'CUST022'), ('PO091', 'PROD058', '2024-03-23', 66, '2024-04-14', 'WC030', 'In Progress', 'CUST019'), ('PO092', 'PROD004', '2024-01-07', 177, '2024-01-23', 'WC018', 'Cancelled', 'CUST028'), ('PO093', 'PROD048', '2024-11-17', 384, '2024-12-01', 'WC012', 'Cancelled', 'CUST044'), ('PO094', 'PROD024', '2024-10-09', 190, '2024-10-17', 'WC021', 'Completed', 'CUST004'), ('PO095', 'PROD040', '2024-11-27', 304, '2024-12-04', 'WC013', 'Pending', 'CUST029'), ('PO096', 'PROD028', '2024-08-13', 462, '2024-08-23', 'WC016', 'In Progress', 'CUST008'), ('PO097', 'PROD028', '2024-07-16', 128, '2024-08-14', 'WC029', 'Pending', 'CUST034'), ('PO098', 'PROD020', '2024-08-17', 63, '2024-09-02', 'WC002', 'Cancelled', 'CUST043'), ('PO099', 'PROD056', '2024-05-21', 463, '2024-06-13', 'WC029', 'In Progress', 'CUST027'), ('PO100', 'PROD024', '2024-04-22', 442, '2024-05-20', 'WC028', 'Pending', 'CUST004'), ('PO101', 'PROD001', '2024-05-19', 97, '2024-06-11', 'WC001', 'Cancelled', 'CUST036'), ('PO102', 'PROD007', '2024-12-23', 387, '2025-01-01', 'WC005', 'Cancelled', 'CUST040'), ('PO103', 'PROD005', '2024-08-04', 178, '2024-09-03', 'WC018', 'Pending', 'CUST036'), ('PO104', 'PROD037', '2024-06-18', 302, '2024-07-09', 'WC017', 'Pending', 'CUST013'), ('PO105', 'PROD027', '2024-09-10', 376, '2024-10-04', 'WC027', 'Cancelled', 'CUST025'), ('PO106', 'PROD052', '2024-05-08', 447, '2024-05-30', 'WC007', 'Completed', 'CUST050'), ('PO107', 'PROD039', '2024-02-14', 455, '2024-03-01', 'WC022', 'Pending', 'CUST001'), ('PO108', 'PROD039', '2024-09-03', 462, '2024-09-22', 'WC002', 'In Progress', 'CUST029'), ('PO109', 'PROD008', '2024-12-12', 34, '2025-01-09', 'WC013', 'In Progress', 'CUST018'), ('PO110', 'PROD002', '2024-08-21', 291, '2024-09-01', 'WC011', 'Pending', 'CUST046'), ('PO111', 'PROD053', '2024-11-17', 165, '2024-11-29', 'WC017', 'In Progress', 'CUST014'), ('PO112', 'PROD001', '2024-11-11', 160, '2024-11-21', 'WC008', 'In Progress', 'CUST001'), ('PO113', 'PROD033', '2024-09-25', 164, '2024-10-09', 'WC023', 'Pending', 'CUST039'), ('PO114', 'PROD022', '2024-12-16', 412, '2025-01-07', 'WC019', 'In Progress', 'CUST044'), ('PO115', 'PROD017', '2024-05-26', 273, '2024-06-13', 'WC010', 'In Progress', 'CUST043'), ('PO116', 'PROD013', '2024-06-03', 390, '2024-06-29', 'WC011', 'Pending', 'CUST020'), ('PO117', 'PROD044', '2024-01-21', 216, '2024-02-19', 'WC030', 'Cancelled', 'CUST006'), ('PO118', 'PROD040', '2024-08-17', 303, '2024-09-14', 'WC029', 'Completed', 'CUST047'), ('PO119', 'PROD044', '2024-05-21', 187, '2024-06-02', 'WC021', 'Pending', 'CUST027'), ('PO120', 'PROD005', '2024-02-10', 237, '2024-03-09', 'WC018', 'Completed', 'CUST039'), ('PO121', 'PROD012', '2024-05-11', 207, '2024-06-07', 'WC025', 'Pending', 'CUST046'), ('PO122', 'PROD039', '2024-10-02', 68, '2024-10-29', 'WC004', 'In Progress', 'CUST010'), ('PO123', 'PROD037', '2024-02-06', 166, '2024-02-15', 'WC016', 'Completed', 'CUST043'), ('PO124', 'PROD009', '2024-12-04', 172, '2024-12-15', 'WC027', 'Pending', 'CUST032'), ('PO125', 'PROD023', '2024-08-03', 286, '2024-08-19', 'WC024', 'In Progress', 'CUST019'), ('PO126', 'PROD033', '2024-12-07', 401, '2024-12-31', 'WC007', 'Pending', 'CUST035'), ('PO127', 'PROD057', '2024-06-07', 476, '2024-06-15', 'WC014', 'Cancelled', 'CUST050'), ('PO128', 'PROD049', '2024-06-02', 112, '2024-06-25', 'WC026', 'In Progress', 'CUST026'), ('PO129', 'PROD032', '2024-08-13', 413, '2024-08-27', 'WC011', 'Cancelled', 'CUST033'), ('PO130', 'PROD025', '2024-04-22', 488, '2024-05-17', 'WC004', 'Completed', 'CUST023'), ('PO131', 'PROD031', '2024-05-12', 139, '2024-05-24', 'WC003', 'Pending', 'CUST019'), ('PO132', 'PROD026', '2024-11-21', 415, '2024-11-29', 'WC001', 'In Progress', 'CUST020'), ('PO133', 'PROD051', '2024-03-28', 140, '2024-04-06', 'WC026', 'Cancelled', 'CUST022'), ('PO134', 'PROD031', '2024-05-21', 372, '2024-05-31', 'WC024', 'Completed', 'CUST002'), ('PO135', 'PROD014', '2024-08-11', 141, '2024-08-21', 'WC005', 'Completed', 'CUST031'), ('PO136', 'PROD018', '2024-06-17', 439, '2024-07-05', 'WC002', 'Pending', 'CUST049'), ('PO137', 'PROD042', '2024-01-26', 468, '2024-02-03', 'WC014', 'Pending', 'CUST028'), ('PO138', 'PROD037', '2024-03-15', 112, '2024-03-26', 'WC018', 'Cancelled', 'CUST050'), ('PO139', 'PROD034', '2024-12-05', 154, '2024-12-19', 'WC007', 'Cancelled', 'CUST022'), ('PO140', 'PROD055', '2024-09-10', 423, '2024-09-19', 'WC024', 'Pending', 'CUST002'), ('PO141', 'PROD021', '2024-12-19', 450, '2025-01-10', 'WC019', 'In Progress', 'CUST032'), ('PO142', 'PROD006', '2024-03-01', 402, '2024-03-22', 'WC030', 'In Progress', 'CUST035'), ('PO143', 'PROD043', '2024-03-17', 374, '2024-03-29', 'WC030', 'Cancelled', 'CUST029'), ('PO144', 'PROD036', '2024-09-27', 266, '2024-10-26', 'WC029', 'Completed', 'CUST048'), ('PO145', 'PROD018', '2024-07-12', 301, '2024-08-11', 'WC029', 'In Progress', 'CUST015'), ('PO146', 'PROD016', '2024-06-16', 232, '2024-07-10', 'WC002', 'Completed', 'CUST037'), ('PO147', 'PROD038', '2024-02-24', 253, '2024-03-14', 'WC029', 'Cancelled', 'CUST027'), ('PO148', 'PROD022', '2024-08-14', 392, '2024-09-10', 'WC007', 'Cancelled', 'CUST022'), ('PO149', 'PROD002', '2024-12-27', 492, '2025-01-21', 'WC010', 'Cancelled', 'CUST005'), ('PO150', 'PROD006', '2024-02-23', 371, '2024-03-04', 'WC024', 'In Progress', 'CUST048'), ('PO151', 'PROD012', '2024-11-12', 224, '2024-11-20', 'WC023', 'Cancelled', 'CUST039'), ('PO152', 'PROD045', '2024-06-14', 138, '2024-06-26', 'WC011', 'In Progress', 'CUST044'), ('PO153', 'PROD042', '2024-01-15', 449, '2024-02-01', 'WC007', 'Completed', 'CUST050'), ('PO154', 'PROD011', '2024-10-28', 266, '2024-11-18', 'WC026', 'In Progress', 'CUST005'), ('PO155', 'PROD053', '2024-03-23', 119, '2024-04-03', 'WC030', 'In Progress', 'CUST037'), ('PO156', 'PROD053', '2024-06-18', 143, '2024-07-16', 'WC003', 'Cancelled', 'CUST046'), ('PO157', 'PROD021', '2024-04-27', 366, '2024-05-23', 'WC009', 'Completed', 'CUST015'), ('PO158', 'PROD054', '2024-09-26', 248, '2024-10-06', 'WC007', 'Completed', 'CUST026'), ('PO159', 'PROD044', '2024-07-21', 207, '2024-08-11', 'WC005', 'Pending', 'CUST044'), ('PO160', 'PROD038', '2024-08-07', 453, '2024-08-23', 'WC005', 'Pending', 'CUST007'), ('PO161', 'PROD006', '2024-07-04', 167, '2024-08-02', 'WC002', 'Pending', 'CUST017'), ('PO162', 'PROD003', '2024-02-26', 171, '2024-03-22', 'WC007', 'Cancelled', 'CUST001'), ('PO163', 'PROD056', '2024-10-05', 391, '2024-10-25', 'WC021', 'Pending', 'CUST016'), ('PO164', 'PROD029', '2024-11-10', 79, '2024-12-09', 'WC028', 'Completed', 'CUST005'), ('PO165', 'PROD025', '2024-09-07', 351, '2024-09-14', 'WC009', 'Completed', 'CUST001'), ('PO166', 'PROD047', '2024-04-16', 334, '2024-05-04', 'WC025', 'In Progress', 'CUST037'), ('PO167', 'PROD047', '2024-01-16', 198, '2024-02-06', 'WC028', 'Completed', 'CUST038'), ('PO168', 'PROD013', '2024-07-25', 386, '2024-08-08', 'WC003', 'Completed', 'CUST040'), ('PO169', 'PROD024', '2024-04-17', 99, '2024-05-04', 'WC005', 'Cancelled', 'CUST039'), ('PO170', 'PROD032', '2024-11-23', 67, '2024-12-10', 'WC002', 'Pending', 'CUST036'), ('PO171', 'PROD060', '2024-08-18', 440, '2024-09-13', 'WC025', 'Pending', 'CUST035'), ('PO172', 'PROD044', '2024-12-06', 286, '2024-12-15', 'WC009', 'Cancelled', 'CUST005'), ('PO173', 'PROD004', '2024-08-17', 361, '2024-09-02', 'WC008', 'Pending', 'CUST012'), ('PO174', 'PROD042', '2024-11-22', 422, '2024-12-09', 'WC002', 'In Progress', 'CUST019'), ('PO175', 'PROD060', '2024-06-12', 86, '2024-07-12', 'WC004', 'Pending', 'CUST006'), ('PO176', 'PROD038', '2024-01-19', 166, '2024-02-18', 'WC017', 'Pending', 'CUST035'), ('PO177', 'PROD026', '2024-02-14', 324, '2024-02-26', 'WC005', 'Completed', 'CUST041'), ('PO178', 'PROD018', '2024-12-11', 437, '2025-01-09', 'WC012', 'Pending', 'CUST002'), ('PO179', 'PROD039', '2024-03-11', 137, '2024-03-27', 'WC027', 'Completed', 'CUST018'), ('PO180', 'PROD044', '2024-02-18', 469, '2024-03-05', 'WC008', 'Cancelled', 'CUST038');




--WorkCenterSchedule
CREATE OR REPLACE TABLE VISK_INDUS_PVT_LTD.RAW.WorkCenterSchedule (
ScheduleID VARCHAR(255) NOT NULL
,WorkCenterID VARCHAR(255) NOT NULL
,OrderID VARCHAR(255) NOT NULL
,ScheduledStartDate DATETIME NOT NULL
,ScheduledEndDate DATETIME NOT NULL
,ScheduleDate DATE NOT NULL
,Shift VARCHAR(255) NOT NULL
,Capacity INT NOT NULL
,CONSTRAINT PK_WorkCenterSchedule PRIMARY KEY (ScheduleID)
,CONSTRAINT FK_WorkCenter FOREIGN KEY (WorkCenterID) REFERENCES WorkCenters(WorkCenterID)
--,CONSTRAINT FK_Order FOREIGN KEY (OrderID) REFERENCES ProductionOrders(OrderID)
);


INSERT INTO  VISK_INDUS_PVT_LTD.RAW.WorkCenterSchedule (ScheduleID, WorkCenterID, OrderID, ScheduledStartDate, ScheduledEndDate, ScheduleDate, Shift, Capacity) 
VALUES ('SCH001', 'WC014', 'PO027', '2024-03-05 06:00:00', '2024-03-05 14:00:00', '2024-03-05', 'Afternoon', 28), ('SCH002', 'WC002', 'PO146', '2024-03-28 22:00:00', '2024-03-29 06:00:00', '2024-03-28', 'Night', 35), ('SCH003', 'WC010', 'PO086', '2024-03-08 06:00:00', '2024-03-08 14:00:00', '2024-03-08', 'Morning', 39), ('SCH004', 'WC030', 'PO090', '2024-01-09 06:00:00', '2024-01-09 14:00:00', '2024-01-09', 'Afternoon', 15), ('SCH005', 'WC008', 'PO118', '2024-03-01 22:00:00', '2024-03-02 06:00:00', '2024-03-01', 'Afternoon', 20), ('SCH006', 'WC002', 'PO098', '2024-02-16 22:00:00', '2024-02-17 06:00:00', '2024-02-16', 'Morning', 10), ('SCH007', 'WC015', 'PO138', '2024-01-22 22:00:00', '2024-01-23 06:00:00', '2024-01-22', 'Afternoon', 31), ('SCH008', 'WC021', 'PO173', '2024-03-18 22:00:00', '2024-03-19 06:00:00', '2024-03-18', 'Night', 38), ('SCH009', 'WC020', 'PO171', '2024-01-29 06:00:00', '2024-01-29 14:00:00', '2024-01-29', 'Morning', 15), ('SCH010', 'WC024', 'PO176', '2024-02-16 06:00:00', '2024-02-16 14:00:00', '2024-02-16', 'Morning', 29), ('SCH011', 'WC003', 'PO167', '2024-02-10 06:00:00', '2024-02-10 14:00:00', '2024-02-10', 'Morning', 20), ('SCH012', 'WC008', 'PO005', '2024-01-01 06:00:00', '2024-01-01 14:00:00', '2024-01-01', 'Afternoon', 22), ('SCH013', 'WC025', 'PO171', '2024-02-24 14:00:00', '2024-02-24 22:00:00', '2024-02-24', 'Afternoon', 43), ('SCH014', 'WC008', 'PO168', '2024-01-18 06:00:00', '2024-01-18 14:00:00', '2024-01-18', 'Afternoon', 37), ('SCH015', 'WC008', 'PO097', '2024-03-25 06:00:00', '2024-03-25 14:00:00', '2024-03-25', 'Afternoon', 7), ('SCH016', 'WC023', 'PO057', '2024-02-04 22:00:00', '2024-02-05 06:00:00', '2024-02-04', 'Morning', 36), ('SCH017', 'WC021', 'PO002', '2024-02-09 06:00:00', '2024-02-09 14:00:00', '2024-02-09', 'Night', 26), ('SCH018', 'WC013', 'PO109', '2024-01-08 06:00:00', '2024-01-08 14:00:00', '2024-01-08', 'Morning', 24), ('SCH019', 'WC010', 'PO151', '2024-01-19 14:00:00', '2024-01-19 22:00:00', '2024-01-19', 'Morning', 17), ('SCH020', 'WC029', 'PO006', '2024-02-19 22:00:00', '2024-02-20 06:00:00', '2024-02-19', 'Morning', 20), ('SCH021', 'WC012', 'PO023', '2024-01-20 22:00:00', '2024-01-21 06:00:00', '2024-01-20', 'Morning', 46), ('SCH022', 'WC022', 'PO012', '2024-02-20 14:00:00', '2024-02-20 22:00:00', '2024-02-20', 'Afternoon', 40), ('SCH023', 'WC013', 'PO058', '2024-02-27 14:00:00', '2024-02-27 22:00:00', '2024-02-27', 'Afternoon', 47), ('SCH024', 'WC017', 'PO109', '2024-01-03 06:00:00', '2024-01-03 14:00:00', '2024-01-03', 'Morning', 29), ('SCH025', 'WC015', 'PO012', '2024-02-16 22:00:00', '2024-02-17 06:00:00', '2024-02-16', 'Morning', 43), ('SCH026', 'WC006', 'PO015', '2024-03-28 14:00:00', '2024-03-28 22:00:00', '2024-03-28', 'Afternoon', 21), ('SCH027', 'WC025', 'PO085', '2024-03-30 06:00:00', '2024-03-30 14:00:00', '2024-03-30', 'Morning', 26), ('SCH028', 'WC004', 'PO028', '2024-03-13 14:00:00', '2024-03-13 22:00:00', '2024-03-13', 'Afternoon', 7), ('SCH029', 'WC028', 'PO175', '2024-01-15 06:00:00', '2024-01-15 14:00:00', '2024-01-15', 'Afternoon', 20), ('SCH030', 'WC026', 'PO064', '2024-02-02 14:00:00', '2024-02-02 22:00:00', '2024-02-02', 'Night', 43), ('SCH031', 'WC005', 'PO022', '2024-03-11 14:00:00', '2024-03-11 22:00:00', '2024-03-11', 'Night', 17), ('SCH032', 'WC022', 'PO092', '2024-03-15 22:00:00', '2024-03-16 06:00:00', '2024-03-15', 'Night', 44), ('SCH033', 'WC011', 'PO123', '2024-01-01 06:00:00', '2024-01-01 14:00:00', '2024-01-01', 'Afternoon', 5), ('SCH034', 'WC016', 'PO137', '2024-01-05 14:00:00', '2024-01-05 22:00:00', '2024-01-05', 'Afternoon', 23), ('SCH035', 'WC017', 'PO059', '2024-02-22 22:00:00', '2024-02-23 06:00:00', '2024-02-22', 'Afternoon', 41), ('SCH036', 'WC002', 'PO039', '2024-03-21 14:00:00', '2024-03-21 22:00:00', '2024-03-21', 'Night', 21), ('SCH037', 'WC003', 'PO138', '2024-02-26 06:00:00', '2024-02-26 14:00:00', '2024-02-26', 'Morning', 25), ('SCH038', 'WC017', 'PO013', '2024-03-19 22:00:00', '2024-03-20 06:00:00', '2024-03-19', 'Night', 17), ('SCH039', 'WC008', 'PO074', '2024-03-22 22:00:00', '2024-03-23 06:00:00', '2024-03-22', 'Night', 43), ('SCH040', 'WC026', 'PO135', '2024-01-27 06:00:00', '2024-01-27 14:00:00', '2024-01-27', 'Night', 29), ('SCH041', 'WC020', 'PO115', '2024-01-10 14:00:00', '2024-01-10 22:00:00', '2024-01-10', 'Night', 6), ('SCH042', 'WC008', 'PO157', '2024-01-28 14:00:00', '2024-01-28 22:00:00', '2024-01-28', 'Morning', 34), ('SCH043', 'WC010', 'PO117', '2024-02-24 22:00:00', '2024-02-25 06:00:00', '2024-02-24', 'Morning', 16), ('SCH044', 'WC020', 'PO179', '2024-03-15 14:00:00', '2024-03-15 22:00:00', '2024-03-15', 'Afternoon', 28), ('SCH045', 'WC010', 'PO093', '2024-02-26 14:00:00', '2024-02-26 22:00:00', '2024-02-26', 'Afternoon', 32), ('SCH046', 'WC002', 'PO121', '2024-02-26 22:00:00', '2024-02-27 06:00:00', '2024-02-26', 'Morning', 41), ('SCH047', 'WC029', 'PO005', '2024-01-10 14:00:00', '2024-01-10 22:00:00', '2024-01-10', 'Morning', 49), ('SCH048', 'WC020', 'PO082', '2024-03-07 22:00:00', '2024-03-08 06:00:00', '2024-03-07', 'Night', 24), ('SCH049', 'WC005', 'PO115', '2024-01-13 06:00:00', '2024-01-13 14:00:00', '2024-01-13', 'Afternoon', 14), ('SCH050', 'WC027', 'PO169', '2024-03-14 14:00:00', '2024-03-14 22:00:00', '2024-03-14', 'Afternoon', 21), ('SCH051', 'WC019', 'PO136', '2024-02-02 22:00:00', '2024-02-03 06:00:00', '2024-02-02', 'Night', 14), ('SCH052', 'WC007', 'PO019', '2024-03-18 22:00:00', '2024-03-19 06:00:00', '2024-03-18', 'Night', 37), ('SCH053', 'WC008', 'PO098', '2024-03-16 22:00:00', '2024-03-17 06:00:00', '2024-03-16', 'Night', 31), ('SCH054', 'WC012', 'PO051', '2024-03-16 14:00:00', '2024-03-16 22:00:00', '2024-03-16', 'Afternoon', 42), ('SCH055', 'WC016', 'PO109', '2024-01-05 14:00:00', '2024-01-05 22:00:00', '2024-01-05', 'Morning', 10), ('SCH056', 'WC010', 'PO004', '2024-01-12 06:00:00', '2024-01-12 14:00:00', '2024-01-12', 'Afternoon', 42), ('SCH057', 'WC027', 'PO002', '2024-02-20 06:00:00', '2024-02-20 14:00:00', '2024-02-20', 'Afternoon', 44), ('SCH058', 'WC008', 'PO054', '2024-03-24 14:00:00', '2024-03-24 22:00:00', '2024-03-24', 'Afternoon', 30), ('SCH059', 'WC019', 'PO025', '2024-02-29 14:00:00', '2024-02-29 22:00:00', '2024-02-29', 'Morning', 35), ('SCH060', 'WC007', 'PO112', '2024-01-22 06:00:00', '2024-01-22 14:00:00', '2024-01-22', 'Morning', 8), ('SCH061', 'WC006', 'PO004', '2024-01-14 06:00:00', '2024-01-14 14:00:00', '2024-01-14', 'Night', 20), ('SCH062', 'WC005', 'PO105', '2024-02-01 06:00:00', '2024-02-01 14:00:00', '2024-02-01', 'Afternoon', 48), ('SCH063', 'WC005', 'PO105', '2024-03-09 14:00:00', '2024-03-09 22:00:00', '2024-03-09', 'Night', 33), ('SCH064', 'WC021', 'PO023', '2024-03-24 22:00:00', '2024-03-25 06:00:00', '2024-03-24', 'Night', 15), ('SCH065', 'WC019', 'PO032', '2024-02-10 06:00:00', '2024-02-10 14:00:00', '2024-02-10', 'Night', 35), ('SCH066', 'WC029', 'PO037', '2024-01-01 06:00:00', '2024-01-01 14:00:00', '2024-01-01', 'Night', 48), ('SCH067', 'WC011', 'PO161', '2024-03-03 22:00:00', '2024-03-04 06:00:00', '2024-03-03', 'Night', 34), ('SCH068', 'WC001', 'PO154', '2024-01-25 14:00:00', '2024-01-25 22:00:00', '2024-01-25', 'Night', 40), ('SCH069', 'WC003', 'PO156', '2024-02-16 22:00:00', '2024-02-17 06:00:00', '2024-02-16', 'Afternoon', 29), ('SCH070', 'WC002', 'PO045', '2024-03-07 14:00:00', '2024-03-07 22:00:00', '2024-03-07', 'Morning', 50), ('SCH071', 'WC024', 'PO093', '2024-03-17 14:00:00', '2024-03-17 22:00:00', '2024-03-17', 'Night', 26), ('SCH072', 'WC017', 'PO052', '2024-03-17 22:00:00', '2024-03-18 06:00:00', '2024-03-17', 'Afternoon', 41), ('SCH073', 'WC027', 'PO079', '2024-02-22 22:00:00', '2024-02-23 06:00:00', '2024-02-22', 'Night', 33), ('SCH074', 'WC012', 'PO155', '2024-02-08 14:00:00', '2024-02-08 22:00:00', '2024-02-08', 'Morning', 44), ('SCH075', 'WC012', 'PO109', '2024-02-29 06:00:00', '2024-02-29 14:00:00', '2024-02-29', 'Morning', 11), ('SCH076', 'WC009', 'PO105', '2024-01-29 22:00:00', '2024-01-30 06:00:00', '2024-01-29', 'Afternoon', 38), ('SCH077', 'WC022', 'PO162', '2024-03-05 14:00:00', '2024-03-05 22:00:00', '2024-03-05', 'Afternoon', 29), ('SCH078', 'WC010', 'PO135', '2024-01-03 22:00:00', '2024-01-04 06:00:00', '2024-01-03', 'Night', 48), ('SCH079', 'WC015', 'PO024', '2024-01-06 06:00:00', '2024-01-06 14:00:00', '2024-01-06', 'Night', 20), ('SCH080', 'WC004', 'PO080', '2024-03-27 22:00:00', '2024-03-28 06:00:00', '2024-03-27', 'Afternoon', 37), ('SCH081', 'WC002', 'PO084', '2024-01-26 22:00:00', '2024-01-27 06:00:00', '2024-01-26', 'Night', 45), ('SCH082', 'WC014', 'PO140', '2024-02-21 14:00:00', '2024-02-21 22:00:00', '2024-02-21', 'Night', 9), ('SCH083', 'WC030', 'PO064', '2024-02-26 22:00:00', '2024-02-27 06:00:00', '2024-02-26', 'Afternoon', 13), ('SCH084', 'WC005', 'PO093', '2024-01-29 14:00:00', '2024-01-29 22:00:00', '2024-01-29', 'Night', 9), ('SCH085', 'WC016', 'PO160', '2024-02-29 14:00:00', '2024-02-29 22:00:00', '2024-02-29', 'Afternoon', 21), ('SCH086', 'WC008', 'PO002', '2024-01-23 22:00:00', '2024-01-24 06:00:00', '2024-01-23', 'Afternoon', 37), ('SCH087', 'WC016', 'PO095', '2024-02-06 14:00:00', '2024-02-06 22:00:00', '2024-02-06', 'Night', 46), ('SCH088', 'WC009', 'PO088', '2024-02-27 22:00:00', '2024-02-28 06:00:00', '2024-02-27', 'Morning', 8), ('SCH089', 'WC001', 'PO036', '2024-03-09 14:00:00', '2024-03-09 22:00:00', '2024-03-09', 'Afternoon', 22), ('SCH090', 'WC007', 'PO026', '2024-02-10 14:00:00', '2024-02-10 22:00:00', '2024-02-10', 'Night', 11), ('SCH091', 'WC008', 'PO039', '2024-02-01 06:00:00', '2024-02-01 14:00:00', '2024-02-01', 'Afternoon', 6), ('SCH092', 'WC002', 'PO139', '2024-02-13 22:00:00', '2024-02-14 06:00:00', '2024-02-13', 'Afternoon', 40), ('SCH093', 'WC005', 'PO147', '2024-03-23 14:00:00', '2024-03-23 22:00:00', '2024-03-23', 'Morning', 35), ('SCH094', 'WC027', 'PO005', '2024-03-06 14:00:00', '2024-03-06 22:00:00', '2024-03-06', 'Morning', 5), ('SCH095', 'WC025', 'PO057', '2024-01-06 14:00:00', '2024-01-06 22:00:00', '2024-01-06', 'Morning', 20), ('SCH096', 'WC016', 'PO141', '2024-03-23 22:00:00', '2024-03-24 06:00:00', '2024-03-23', 'Night', 21), ('SCH097', 'WC020', 'PO090', '2024-03-19 22:00:00', '2024-03-20 06:00:00', '2024-03-19', 'Morning', 39), ('SCH098', 'WC023', 'PO054', '2024-01-15 14:00:00', '2024-01-15 22:00:00', '2024-01-15', 'Morning', 40), ('SCH099', 'WC028', 'PO075', '2024-01-28 06:00:00', '2024-01-28 14:00:00', '2024-01-28', 'Night', 34), ('SCH100', 'WC028', 'PO018', '2024-03-28 06:00:00', '2024-03-28 14:00:00', '2024-03-28', 'Night', 19), ('SCH101', 'WC029', 'PO175', '2024-01-27 14:00:00', '2024-01-27 22:00:00', '2024-01-27', 'Night', 42), ('SCH102', 'WC012', 'PO178', '2024-02-15 14:00:00', '2024-02-15 22:00:00', '2024-02-15', 'Afternoon', 47), ('SCH103', 'WC029', 'PO161', '2024-01-27 14:00:00', '2024-01-27 22:00:00', '2024-01-27', 'Morning', 26), ('SCH104', 'WC007', 'PO169', '2024-02-23 14:00:00', '2024-02-23 22:00:00', '2024-02-23', 'Morning', 6), ('SCH105', 'WC030', 'PO062', '2024-01-07 22:00:00', '2024-01-08 06:00:00', '2024-01-07', 'Morning', 42), ('SCH106', 'WC025', 'PO144', '2024-02-09 14:00:00', '2024-02-09 22:00:00', '2024-02-09', 'Night', 23), ('SCH107', 'WC017', 'PO175', '2024-02-11 22:00:00', '2024-02-12 06:00:00', '2024-02-11', 'Night', 18), ('SCH108', 'WC004', 'PO025', '2024-02-26 14:00:00', '2024-02-26 22:00:00', '2024-02-26', 'Night', 5), ('SCH109', 'WC003', 'PO179', '2024-03-03 06:00:00', '2024-03-03 14:00:00', '2024-03-03', 'Night', 6), ('SCH110', 'WC026', 'PO169', '2024-03-14 14:00:00', '2024-03-14 22:00:00', '2024-03-14', 'Night', 42), ('SCH111', 'WC024', 'PO151', '2024-01-20 14:00:00', '2024-01-20 22:00:00', '2024-01-20', 'Afternoon', 28), ('SCH112', 'WC026', 'PO083', '2024-01-13 22:00:00', '2024-01-14 06:00:00', '2024-01-13', 'Afternoon', 24), ('SCH113', 'WC017', 'PO115', '2024-02-25 22:00:00', '2024-02-26 06:00:00', '2024-02-25', 'Afternoon', 5), ('SCH114', 'WC017', 'PO034', '2024-01-27 06:00:00', '2024-01-27 14:00:00', '2024-01-27', 'Afternoon', 25), ('SCH115', 'WC027', 'PO084', '2024-01-20 06:00:00', '2024-01-20 14:00:00', '2024-01-20', 'Afternoon', 35), ('SCH116', 'WC004', 'PO144', '2024-01-01 14:00:00', '2024-01-01 22:00:00', '2024-01-01', 'Morning', 43), ('SCH117', 'WC024', 'PO176', '2024-03-15 14:00:00', '2024-03-15 22:00:00', '2024-03-15', 'Morning', 31), ('SCH118', 'WC025', 'PO116', '2024-01-08 06:00:00', '2024-01-08 14:00:00', '2024-01-08', 'Afternoon', 12), ('SCH119', 'WC008', 'PO122', '2024-02-02 22:00:00', '2024-02-03 06:00:00', '2024-02-02', 'Morning', 10), ('SCH120', 'WC013', 'PO121', '2024-01-05 06:00:00', '2024-01-05 14:00:00', '2024-01-05', 'Afternoon', 16), ('SCH121', 'WC017', 'PO045', '2024-01-17 06:00:00', '2024-01-17 14:00:00', '2024-01-17', 'Night', 14), ('SCH122', 'WC025', 'PO052', '2024-03-30 14:00:00', '2024-03-30 22:00:00', '2024-03-30', 'Night', 5), ('SCH123', 'WC015', 'PO048', '2024-02-05 14:00:00', '2024-02-05 22:00:00', '2024-02-05', 'Morning', 5), ('SCH124', 'WC023', 'PO154', '2024-01-16 06:00:00', '2024-01-16 14:00:00', '2024-01-16', 'Afternoon', 49), ('SCH125', 'WC026', 'PO021', '2024-03-21 14:00:00', '2024-03-21 22:00:00', '2024-03-21', 'Afternoon', 24), ('SCH126', 'WC015', 'PO146', '2024-03-21 22:00:00', '2024-03-22 06:00:00', '2024-03-21', 'Night', 41), ('SCH127', 'WC009', 'PO100', '2024-03-20 06:00:00', '2024-03-20 14:00:00', '2024-03-20', 'Afternoon', 22), ('SCH128', 'WC006', 'PO089', '2024-03-23 14:00:00', '2024-03-23 22:00:00', '2024-03-23', 'Afternoon', 11), ('SCH129', 'WC010', 'PO050', '2024-01-17 22:00:00', '2024-01-18 06:00:00', '2024-01-17', 'Afternoon', 5), ('SCH130', 'WC027', 'PO072', '2024-03-17 14:00:00', '2024-03-17 22:00:00', '2024-03-17', 'Afternoon', 36), ('SCH131', 'WC030', 'PO130', '2024-01-24 22:00:00', '2024-01-25 06:00:00', '2024-01-24', 'Morning', 14), ('SCH132', 'WC003', 'PO180', '2024-03-22 06:00:00', '2024-03-22 14:00:00', '2024-03-22', 'Morning', 49), ('SCH133', 'WC022', 'PO015', '2024-02-01 22:00:00', '2024-02-02 06:00:00', '2024-02-01', 'Morning', 30), ('SCH134', 'WC029', 'PO160', '2024-03-14 14:00:00', '2024-03-14 22:00:00', '2024-03-14', 'Night', 42), ('SCH135', 'WC026', 'PO144', '2024-03-19 22:00:00', '2024-03-20 06:00:00', '2024-03-19', 'Afternoon', 26), ('SCH136', 'WC025', 'PO034', '2024-01-27 22:00:00', '2024-01-28 06:00:00', '2024-01-27', 'Morning', 18), ('SCH137', 'WC026', 'PO158', '2024-02-21 14:00:00', '2024-02-21 22:00:00', '2024-02-21', 'Afternoon', 44), ('SCH138', 'WC014', 'PO098', '2024-01-17 06:00:00', '2024-01-17 14:00:00', '2024-01-17', 'Afternoon', 39), ('SCH139', 'WC015', 'PO079', '2024-01-05 22:00:00', '2024-01-06 06:00:00', '2024-01-05', 'Morning', 48), ('SCH140', 'WC018', 'PO101', '2024-01-15 14:00:00', '2024-01-15 22:00:00', '2024-01-15', 'Night', 18), ('SCH141', 'WC015', 'PO016', '2024-01-09 22:00:00', '2024-01-10 06:00:00', '2024-01-09', 'Afternoon', 32), ('SCH142', 'WC029', 'PO109', '2024-02-28 22:00:00', '2024-02-29 06:00:00', '2024-02-28', 'Night', 22), ('SCH143', 'WC020', 'PO177', '2024-01-08 22:00:00', '2024-01-09 06:00:00', '2024-01-08', 'Morning', 17), ('SCH144', 'WC006', 'PO027', '2024-02-28 14:00:00', '2024-02-28 22:00:00', '2024-02-28', 'Morning', 37), ('SCH145', 'WC010', 'PO171', '2024-03-26 22:00:00', '2024-03-27 06:00:00', '2024-03-26', 'Afternoon', 19), ('SCH146', 'WC029', 'PO079', '2024-03-11 14:00:00', '2024-03-11 22:00:00', '2024-03-11', 'Afternoon', 38), ('SCH147', 'WC014', 'PO099', '2024-01-13 22:00:00', '2024-01-14 06:00:00', '2024-01-13', 'Morning', 29), ('SCH148', 'WC029', 'PO087', '2024-02-15 14:00:00', '2024-02-15 22:00:00', '2024-02-15', 'Night', 37), ('SCH149', 'WC004', 'PO151', '2024-02-09 06:00:00', '2024-02-09 14:00:00', '2024-02-09', 'Afternoon', 42), ('SCH150', 'WC011', 'PO170', '2024-03-02 22:00:00', '2024-03-03 06:00:00', '2024-03-02', 'Morning', 31), ('SCH151', 'WC025', 'PO179', '2024-02-26 06:00:00', '2024-02-26 14:00:00', '2024-02-26', 'Afternoon', 5), ('SCH152', 'WC021', 'PO016', '2024-02-16 14:00:00', '2024-02-16 22:00:00', '2024-02-16', 'Morning', 30), ('SCH153', 'WC022', 'PO117', '2024-02-28 14:00:00', '2024-02-28 22:00:00', '2024-02-28', 'Morning', 19), ('SCH154', 'WC024', 'PO111', '2024-02-18 06:00:00', '2024-02-18 14:00:00', '2024-02-18', 'Afternoon', 24), ('SCH155', 'WC010', 'PO091', '2024-03-20 22:00:00', '2024-03-21 06:00:00', '2024-03-20', 'Morning', 27), ('SCH156', 'WC018', 'PO164', '2024-03-17 06:00:00', '2024-03-17 14:00:00', '2024-03-17', 'Night', 15), ('SCH157', 'WC003', 'PO114', '2024-02-04 14:00:00', '2024-02-04 22:00:00', '2024-02-04', 'Morning', 28), ('SCH158', 'WC012', 'PO123', '2024-03-01 14:00:00', '2024-03-01 22:00:00', '2024-03-01', 'Morning', 21), ('SCH159', 'WC013', 'PO170', '2024-02-07 22:00:00', '2024-02-08 06:00:00', '2024-02-07', 'Night', 45), ('SCH160', 'WC002', 'PO155', '2024-02-04 22:00:00', '2024-02-05 06:00:00', '2024-02-04', 'Morning', 49), ('SCH161', 'WC020', 'PO124', '2024-02-28 14:00:00', '2024-02-28 22:00:00', '2024-02-28', 'Afternoon', 31), ('SCH162', 'WC011', 'PO111', '2024-03-10 22:00:00', '2024-03-11 06:00:00', '2024-03-10', 'Afternoon', 33), ('SCH163', 'WC004', 'PO113', '2024-02-23 06:00:00', '2024-02-23 14:00:00', '2024-02-23', 'Night', 8), ('SCH164', 'WC003', 'PO120', '2024-02-23 06:00:00', '2024-02-23 14:00:00', '2024-02-23', 'Afternoon', 11), ('SCH165', 'WC016', 'PO135', '2024-01-11 14:00:00', '2024-01-11 22:00:00', '2024-01-11', 'Afternoon', 43), ('SCH166', 'WC002', 'PO175', '2024-01-02 06:00:00', '2024-01-02 14:00:00', '2024-01-02', 'Night', 9), ('SCH167', 'WC001', 'PO180', '2024-02-06 14:00:00', '2024-02-06 22:00:00', '2024-02-06', 'Night', 29), ('SCH168', 'WC005', 'PO026', '2024-03-08 22:00:00', '2024-03-09 06:00:00', '2024-03-08', 'Morning', 24), ('SCH169', 'WC021', 'PO087', '2024-01-31 06:00:00', '2024-01-31 14:00:00', '2024-01-31', 'Afternoon', 37), ('SCH170', 'WC007', 'PO111', '2024-02-04 06:00:00', '2024-02-04 14:00:00', '2024-02-04', 'Afternoon', 8), ('SCH171', 'WC010', 'PO164', '2024-02-15 06:00:00', '2024-02-15 14:00:00', '2024-02-15', 'Morning', 23), ('SCH172', 'WC010', 'PO114', '2024-03-28 06:00:00', '2024-03-28 14:00:00', '2024-03-28', 'Afternoon', 39), ('SCH173', 'WC029', 'PO108', '2024-02-23 14:00:00', '2024-02-23 22:00:00', '2024-02-23', 'Afternoon', 28), ('SCH174', 'WC023', 'PO174', '2024-02-19 06:00:00', '2024-02-19 14:00:00', '2024-02-19', 'Afternoon', 15), ('SCH175', 'WC026', 'PO011', '2024-01-27 14:00:00', '2024-01-27 22:00:00', '2024-01-27', 'Night', 22), ('SCH176', 'WC023', 'PO164', '2024-01-24 06:00:00', '2024-01-24 14:00:00', '2024-01-24', 'Afternoon', 5), ('SCH177', 'WC007', 'PO051', '2024-03-30 14:00:00', '2024-03-30 22:00:00', '2024-03-30', 'Afternoon', 24), ('SCH178', 'WC016', 'PO071', '2024-03-01 14:00:00', '2024-03-01 22:00:00', '2024-03-01', 'Night', 37), ('SCH179', 'WC027', 'PO016', '2024-03-04 06:00:00', '2024-03-04 14:00:00', '2024-03-04', 'Night', 9), ('SCH180', 'WC006', 'PO088', '2024-01-31 22:00:00', '2024-02-01 06:00:00', '2024-01-31', 'Afternoon', 40), ('SCH181', 'WC005', 'PO024', '2024-02-29 22:00:00', '2024-03-01 06:00:00', '2024-02-29', 'Afternoon', 22), ('SCH182', 'WC027', 'PO140', '2024-02-13 06:00:00', '2024-02-13 14:00:00', '2024-02-13', 'Afternoon', 17), ('SCH183', 'WC024', 'PO176', '2024-03-23 22:00:00', '2024-03-24 06:00:00', '2024-03-23', 'Morning', 47), ('SCH184', 'WC002', 'PO075', '2024-02-18 06:00:00', '2024-02-18 14:00:00', '2024-02-18', 'Afternoon', 21), ('SCH185', 'WC004', 'PO122', '2024-03-13 22:00:00', '2024-03-14 06:00:00', '2024-03-13', 'Afternoon', 8), ('SCH186', 'WC025', 'PO103', '2024-01-22 14:00:00', '2024-01-22 22:00:00', '2024-01-22', 'Morning', 22), ('SCH187', 'WC002', 'PO041', '2024-02-15 22:00:00', '2024-02-16 06:00:00', '2024-02-15', 'Afternoon', 15), ('SCH188', 'WC020', 'PO024', '2024-02-27 06:00:00', '2024-02-27 14:00:00', '2024-02-27', 'Afternoon', 35), ('SCH189', 'WC025', 'PO072', '2024-02-16 14:00:00', '2024-02-16 22:00:00', '2024-02-16', 'Night', 5), ('SCH190', 'WC015', 'PO027', '2024-02-29 06:00:00', '2024-02-29 14:00:00', '2024-02-29', 'Morning', 13), ('SCH191', 'WC022', 'PO045', '2024-02-28 14:00:00', '2024-02-28 22:00:00', '2024-02-28', 'Night', 9), ('SCH192', 'WC002', 'PO150', '2024-01-05 22:00:00', '2024-01-06 06:00:00', '2024-01-05', 'Morning', 46), ('SCH193', 'WC006', 'PO129', '2024-01-22 14:00:00', '2024-01-22 22:00:00', '2024-01-22', 'Afternoon', 28), ('SCH194', 'WC026', 'PO135', '2024-03-25 14:00:00', '2024-03-25 22:00:00', '2024-03-25', 'Afternoon', 45), ('SCH195', 'WC004', 'PO168', '2024-03-24 06:00:00', '2024-03-24 14:00:00', '2024-03-24', 'Afternoon', 35), ('SCH196', 'WC006', 'PO062', '2024-02-08 06:00:00', '2024-02-08 14:00:00', '2024-02-08', 'Afternoon', 35), ('SCH197', 'WC014', 'PO126', '2024-01-13 06:00:00', '2024-01-13 14:00:00', '2024-01-13', 'Morning', 20), ('SCH198', 'WC028', 'PO040', '2024-03-05 22:00:00', '2024-03-06 06:00:00', '2024-03-05', 'Night', 21), ('SCH199', 'WC026', 'PO050', '2024-03-24 22:00:00', '2024-03-25 06:00:00', '2024-03-24', 'Afternoon', 38), ('SCH200', 'WC003', 'PO077', '2024-01-16 22:00:00', '2024-01-17 06:00:00', '2024-01-16', 'Afternoon', 37), ('SCH201', 'WC004', 'PO056', '2024-03-23 06:00:00', '2024-03-23 14:00:00', '2024-03-23', 'Night', 37), ('SCH202', 'WC027', 'PO118', '2024-02-13 14:00:00', '2024-02-13 22:00:00', '2024-02-13', 'Afternoon', 20), ('SCH203', 'WC026', 'PO064', '2024-03-19 06:00:00', '2024-03-19 14:00:00', '2024-03-19', 'Morning', 5), ('SCH204', 'WC017', 'PO009', '2024-01-15 14:00:00', '2024-01-15 22:00:00', '2024-01-15', 'Morning', 12), ('SCH205', 'WC014', 'PO143', '2024-01-11 06:00:00', '2024-01-11 14:00:00', '2024-01-11', 'Night', 20), ('SCH206', 'WC015', 'PO048', '2024-01-22 06:00:00', '2024-01-22 14:00:00', '2024-01-22', 'Night', 34), ('SCH207', 'WC012', 'PO059', '2024-03-20 06:00:00', '2024-03-20 14:00:00', '2024-03-20', 'Night', 36), ('SCH208', 'WC030', 'PO152', '2024-03-29 22:00:00', '2024-03-30 06:00:00', '2024-03-29', 'Morning', 28), ('SCH209', 'WC012', 'PO122', '2024-02-02 14:00:00', '2024-02-02 22:00:00', '2024-02-02', 'Morning', 29), ('SCH210', 'WC020', 'PO128', '2024-03-05 22:00:00', '2024-03-06 06:00:00', '2024-03-05', 'Afternoon', 18), ('SCH211', 'WC003', 'PO045', '2024-01-09 14:00:00', '2024-01-09 22:00:00', '2024-01-09', 'Afternoon', 48), ('SCH212', 'WC001', 'PO127', '2024-02-04 06:00:00', '2024-02-04 14:00:00', '2024-02-04', 'Night', 42), ('SCH213', 'WC001', 'PO177', '2024-02-29 06:00:00', '2024-02-29 14:00:00', '2024-02-29', 'Afternoon', 40), ('SCH214', 'WC005', 'PO029', '2024-01-04 14:00:00', '2024-01-04 22:00:00', '2024-01-04', 'Morning', 39), ('SCH215', 'WC025', 'PO156', '2024-01-01 22:00:00', '2024-01-02 06:00:00', '2024-01-01', 'Night', 40), ('SCH216', 'WC018', 'PO027', '2024-03-21 22:00:00', '2024-03-22 06:00:00', '2024-03-21', 'Morning', 6), ('SCH217', 'WC009', 'PO065', '2024-02-29 22:00:00', '2024-03-01 06:00:00', '2024-02-29', 'Night', 43), ('SCH218', 'WC005', 'PO093', '2024-03-20 22:00:00', '2024-03-21 06:00:00', '2024-03-20', 'Night', 36), ('SCH219', 'WC007', 'PO163', '2024-02-20 14:00:00', '2024-02-20 22:00:00', '2024-02-20', 'Night', 25), ('SCH220', 'WC012', 'PO173', '2024-02-12 22:00:00', '2024-02-13 06:00:00', '2024-02-12', 'Night', 6), ('SCH221', 'WC018', 'PO079', '2024-03-05 06:00:00', '2024-03-05 14:00:00', '2024-03-05', 'Afternoon', 35), ('SCH222', 'WC015', 'PO042', '2024-03-09 14:00:00', '2024-03-09 22:00:00', '2024-03-09', 'Night', 12), ('SCH223', 'WC015', 'PO161', '2024-02-03 14:00:00', '2024-02-03 22:00:00', '2024-02-03', 'Afternoon', 50), ('SCH224', 'WC026', 'PO006', '2024-01-01 06:00:00', '2024-01-01 14:00:00', '2024-01-01', 'Morning', 49), ('SCH225', 'WC003', 'PO092', '2024-01-09 22:00:00', '2024-01-10 06:00:00', '2024-01-09', 'Afternoon', 24), ('SCH226', 'WC017', 'PO015', '2024-01-23 06:00:00', '2024-01-23 14:00:00', '2024-01-23', 'Night', 39), ('SCH227', 'WC010', 'PO030', '2024-01-07 22:00:00', '2024-01-08 06:00:00', '2024-01-07', 'Morning', 49), ('SCH228', 'WC024', 'PO171', '2024-01-27 06:00:00', '2024-01-27 14:00:00', '2024-01-27', 'Morning', 14), ('SCH229', 'WC006', 'PO119', '2024-03-04 22:00:00', '2024-03-05 06:00:00', '2024-03-04', 'Morning', 22), ('SCH230', 'WC016', 'PO023', '2024-02-07 06:00:00', '2024-02-07 14:00:00', '2024-02-07', 'Night', 17), ('SCH231', 'WC024', 'PO068', '2024-02-03 22:00:00', '2024-02-04 06:00:00', '2024-02-03', 'Morning', 19), ('SCH232', 'WC030', 'PO139', '2024-02-12 06:00:00', '2024-02-12 14:00:00', '2024-02-12', 'Morning', 6), ('SCH233', 'WC008', 'PO137', '2024-01-31 06:00:00', '2024-01-31 14:00:00', '2024-01-31', 'Afternoon', 12), ('SCH234', 'WC030', 'PO027', '2024-01-02 14:00:00', '2024-01-02 22:00:00', '2024-01-02', 'Afternoon', 42), ('SCH235', 'WC020', 'PO062', '2024-02-09 22:00:00', '2024-02-10 06:00:00', '2024-02-09', 'Morning', 44), ('SCH236', 'WC016', 'PO058', '2024-02-27 14:00:00', '2024-02-27 22:00:00', '2024-02-27', 'Afternoon', 48), ('SCH237', 'WC005', 'PO054', '2024-03-10 14:00:00', '2024-03-10 22:00:00', '2024-03-10', 'Afternoon', 11), ('SCH238', 'WC030', 'PO024', '2024-01-08 22:00:00', '2024-01-09 06:00:00', '2024-01-08', 'Night', 46), ('SCH239', 'WC014', 'PO008', '2024-03-22 06:00:00', '2024-03-22 14:00:00', '2024-03-22', 'Morning', 44), ('SCH240', 'WC007', 'PO019', '2024-03-25 06:00:00', '2024-03-25 14:00:00', '2024-03-25', 'Morning', 24), ('SCH241', 'WC001', 'PO053', '2024-03-08 22:00:00', '2024-03-09 06:00:00', '2024-03-08', 'Afternoon', 17), ('SCH242', 'WC007', 'PO031', '2024-03-20 06:00:00', '2024-03-20 14:00:00', '2024-03-20', 'Afternoon', 28), ('SCH243', 'WC029', 'PO105', '2024-01-19 14:00:00', '2024-01-19 22:00:00', '2024-01-19', 'Night', 44), ('SCH244', 'WC012', 'PO174', '2024-01-30 22:00:00', '2024-01-31 06:00:00', '2024-01-30', 'Afternoon', 17), ('SCH245', 'WC014', 'PO046', '2024-02-26 22:00:00', '2024-02-27 06:00:00', '2024-02-26', 'Morning', 7), ('SCH246', 'WC001', 'PO057', '2024-01-24 22:00:00', '2024-01-25 06:00:00', '2024-01-24', 'Afternoon', 9), ('SCH247', 'WC025', 'PO160', '2024-03-06 14:00:00', '2024-03-06 22:00:00', '2024-03-06', 'Night', 7), ('SCH248', 'WC002', 'PO110', '2024-03-02 22:00:00', '2024-03-03 06:00:00', '2024-03-02', 'Night', 8), ('SCH249', 'WC021', 'PO177', '2024-02-01 14:00:00', '2024-02-01 22:00:00', '2024-02-01', 'Night', 5), ('SCH250', 'WC019', 'PO063', '2024-02-08 14:00:00', '2024-02-08 22:00:00', '2024-02-08', 'Morning', 28), ('SCH251', 'WC014', 'PO055', '2024-02-05 22:00:00', '2024-02-06 06:00:00', '2024-02-05', 'Night', 46), ('SCH252', 'WC030', 'PO101', '2024-02-17 22:00:00', '2024-02-18 06:00:00', '2024-02-17', 'Night', 7), ('SCH253', 'WC027', 'PO062', '2024-03-05 06:00:00', '2024-03-05 14:00:00', '2024-03-05', 'Night', 11), ('SCH254', 'WC024', 'PO093', '2024-02-02 22:00:00', '2024-02-03 06:00:00', '2024-02-02', 'Afternoon', 33), ('SCH255', 'WC016', 'PO042', '2024-03-24 14:00:00', '2024-03-24 22:00:00', '2024-03-24', 'Morning', 47), ('SCH256', 'WC013', 'PO074', '2024-01-14 22:00:00', '2024-01-15 06:00:00', '2024-01-14', 'Morning', 19), ('SCH257', 'WC012', 'PO113', '2024-02-23 14:00:00', '2024-02-23 22:00:00', '2024-02-23', 'Afternoon', 36), ('SCH258', 'WC010', 'PO149', '2024-03-28 22:00:00', '2024-03-29 06:00:00', '2024-03-28', 'Morning', 23), ('SCH259', 'WC002', 'PO174', '2024-03-20 22:00:00', '2024-03-21 06:00:00', '2024-03-20', 'Morning', 14), ('SCH260', 'WC021', 'PO068', '2024-02-29 22:00:00', '2024-03-01 06:00:00', '2024-02-29', 'Night', 38), ('SCH261', 'WC014', 'PO085', '2024-01-23 14:00:00', '2024-01-23 22:00:00', '2024-01-23', 'Afternoon', 27), ('SCH262', 'WC003', 'PO142', '2024-02-15 06:00:00', '2024-02-15 14:00:00', '2024-02-15', 'Night', 37), ('SCH263', 'WC016', 'PO148', '2024-01-15 14:00:00', '2024-01-15 22:00:00', '2024-01-15', 'Morning', 37), ('SCH264', 'WC005', 'PO145', '2024-01-24 14:00:00', '2024-01-24 22:00:00', '2024-01-24', 'Afternoon', 31), ('SCH265', 'WC029', 'PO162', '2024-02-28 06:00:00', '2024-02-28 14:00:00', '2024-02-28', 'Night', 43), ('SCH266', 'WC003', 'PO039', '2024-01-31 22:00:00', '2024-02-01 06:00:00', '2024-01-31', 'Night', 46), ('SCH267', 'WC003', 'PO111', '2024-02-04 22:00:00', '2024-02-05 06:00:00', '2024-02-04', 'Afternoon', 7), ('SCH268', 'WC024', 'PO107', '2024-01-02 06:00:00', '2024-01-02 14:00:00', '2024-01-02', 'Afternoon', 20), ('SCH269', 'WC016', 'PO106', '2024-02-15 22:00:00', '2024-02-16 06:00:00', '2024-02-15', 'Night', 44), ('SCH270', 'WC002', 'PO077', '2024-03-08 22:00:00', '2024-03-09 06:00:00', '2024-03-08', 'Morning', 13);



SCHED001
INSERT INTO VISK_INDUS_PVT_LTD.BRONZE.Bronze_WorkCenterSchedule 
(ScheduleID, WorkCenterID, OrderID, ScheduledStartDate, ScheduledEndDate, ScheduleDate, Shift, Capacity)
VALUES 
-- Balanced shifts
('SCHED001', 'WC001', 'ORD001', '2025-02-17 08:00:00', '2025-02-17 16:00:00', '2025-02-17', 'Morning', 5),
('SCHED002', 'WC002', 'ORD002', '2025-02-17 08:00:00', '2025-02-17 16:00:00', '2025-02-17', 'Morning', 7),

-- Overloaded shifts
('SCHED003', 'WC003', 'ORD003', '2025-02-17 16:00:00', '2025-02-17 00:00:00', '2025-02-17', 'Night', 4),
('SCHED004', 'WC003', 'ORD004', '2025-02-17 16:00:00', '2025-02-17 00:00:00', '2025-02-17', 'Night', 4),

-- Underutilized shifts
('SCHED005', 'WC004', 'ORD005', '2025-02-17 00:00:00', '2025-02-17 08:00:00', '2025-02-17', 'Midnight', 6),
('SCHED006', 'WC004', 'ORD006', '2025-02-17 00:00:00', '2025-02-17 08:00:00', '2025-02-17', 'Midnight', 6);







--Employees
CREATE OR REPLACE TABLE VISK_INDUS_PVT_LTD.RAW.Employees (
EmployeeID VARCHAR(255)
,FirstName VARCHAR(255) NOT NULL
,LastName VARCHAR(255) NOT NULL
,Department VARCHAR(255)
,Position VARCHAR(255)
,CONSTRAINT PK_EID PRIMARY KEY (EmployeeID)
);


INSERT INTO VISK_INDUS_PVT_LTD.RAW.Employees (EmployeeID, FirstName, LastName, Department, Position) 
VALUES ('EMP001', 'Tina', 'Douglas', 'Quality Control', 'Test Engineer'), ('EMP002', 'Danielle', 'Perez', 'Logistics', 'Logistics Coordinator'), ('EMP003', 'Joanna', 'Smith', 'Quality Control', 'Manufacturing Manager'), ('EMP004', 'Michaela', 'Phillips', 'Logistics', 'Production Supervisor'), ('EMP005', 'Richard', 'Parrish', 'Quality Control', 'Process Engineer'), ('EMP006', 'Heather', 'Hale', 'Quality Control', 'Test Engineer'), ('EMP007', 'Erik', 'Fitzgerald', 'Maintenance', 'Supply Chain Analyst'), ('EMP008', 'Stephen', 'Fuller', 'Maintenance', 'Manufacturing Manager'), ('EMP009', 'Amy', 'Edwards', 'Engineering', 'Warehouse Associate'), ('EMP010', 'Mercedes', 'Morrison', 'Engineering', 'Product Development Engineer'), ('EMP011', 'Lisa', 'Zamora', 'Maintenance', 'Product Development Engineer'), ('EMP012', 'Cindy', 'Jarvis', 'Engineering', 'Safety Officer'), ('EMP013', 'Harold', 'Robertson', 'Quality Control', 'Production Line Worker'), ('EMP014', 'Adam', 'Richardson', 'Manufacturing', 'Assembly Technician'), ('EMP015', 'Andre', 'Wilson', 'Maintenance', 'Electronics Engineer'), ('EMP016', 'Christopher', 'Morris', 'Production', 'Automation Engineer'), ('EMP017', 'Shannon', 'James', 'Maintenance', 'Procurement Specialist'), ('EMP018', 'James', 'Alexander', 'Engineering', 'Soldering Technician'), ('EMP019', 'Margaret', 'Walters', 'Manufacturing', 'Warehouse Associate'), ('EMP020', 'Cory', 'Dominguez', 'Maintenance', 'Supply Chain Analyst'), ('EMP021', 'Becky', 'Robinson', 'Manufacturing', 'Quality Control Inspector'), ('EMP022', 'Daniel', 'Smith', 'Logistics', 'Machine Operator'), ('EMP023', 'Jeffery', 'Austin', 'Engineering', 'Soldering Technician'), ('EMP024', 'Jeffrey', 'Mendoza', 'Production', 'Procurement Specialist'), ('EMP025', 'William', 'Nolan', 'Production', 'Soldering Technician'), ('EMP026', 'Kent', 'King', 'Quality Control', 'Electronics Engineer'), ('EMP027', 'Stacey', 'Conner', 'Production', 'PCB Designer'), ('EMP028', 'Edward', 'Mcfarland', 'Engineering', 'Warehouse Associate'), ('EMP029', 'Michael', 'Noble', 'Maintenance', 'Production Supervisor'), ('EMP030', 'Jerry', 'Matthews', 'Production', 'Automation Engineer'), ('EMP031', 'Kathryn', 'Young', 'Quality Control', 'Test Engineer'), ('EMP032', 'Savannah', 'Mitchell', 'Manufacturing', 'Supply Chain Analyst'), ('EMP033', 'Joshua', 'Owens', 'Production', 'Supply Chain Analyst'), ('EMP034', 'Amanda', 'Harris', 'Quality Control', 'Production Line Worker'), ('EMP035', 'Steven', 'Andrews', 'Maintenance', 'ESD Technician'), ('EMP036', 'Renee', 'Mitchell', 'Production', 'Production Line Worker'), ('EMP037', 'Arthur', 'Walsh', 'Quality Control', 'Production Supervisor'), ('EMP038', 'Carlos', 'Tanner', 'Production', 'Automation Engineer'), ('EMP039', 'Jason', 'Lane', 'Engineering', 'Logistics Coordinator'), ('EMP040', 'Francisco', 'French', 'Maintenance', 'Automation Engineer'), ('EMP041', 'Christopher', 'Jackson', 'Engineering', 'Supply Chain Analyst'), ('EMP042', 'Jerry', 'Watson', 'Manufacturing', 'ESD Technician'), ('EMP043', 'Megan', 'Lopez', 'Maintenance', 'Automation Engineer'), ('EMP044', 'David', 'Brown', 'Maintenance', 'Test Engineer'), ('EMP045', 'Jerry', 'Kelley', 'Quality Control', 'Production Supervisor'), ('EMP046', 'Eric', 'Simon', 'Engineering', 'Electronics Engineer'), ('EMP047', 'Jennifer', 'Perez', 'Logistics', 'Soldering Technician'), ('EMP048', 'Brian', 'Martin', 'Logistics', 'Safety Officer'), ('EMP049', 'Tara', 'Porter', 'Maintenance', 'PCB Designer'), ('EMP050', 'Tiffany', 'Holt', 'Production', 'Automation Engineer'), ('EMP051', 'Gene', 'Hoover', 'Engineering', 'PCB Designer'), ('EMP052', 'Brooke', 'Frederick', 'Manufacturing', 'Assembly Technician'), ('EMP053', 'Melissa', 'Holt', 'Manufacturing', 'Process Engineer'), ('EMP054', 'Tanya', 'Harrison', 'Engineering', 'Maintenance Technician'), ('EMP055', 'Kaitlyn', 'Sharp', 'Manufacturing', 'Soldering Technician'), ('EMP056', 'Pamela', 'Moore', 'Engineering', 'Safety Officer'), ('EMP057', 'Blake', 'Kelley', 'Manufacturing', 'Maintenance Technician'), ('EMP058', 'Nicole', 'Ortiz', 'Maintenance', 'Soldering Technician'), ('EMP059', 'Juan', 'Gonzales', 'Logistics', 'Test Engineer'), ('EMP060', 'Jimmy', 'Tucker', 'Logistics', 'Safety Officer'), ('EMP061', 'Amy', 'Sanchez', 'Manufacturing', 'Maintenance Technician'), ('EMP062', 'Scott', 'Gillespie', 'Engineering', 'Safety Officer'), ('EMP063', 'Kelly', 'West', 'Engineering', 'Safety Officer'), ('EMP064', 'Jason', 'Cole', 'Quality Control', 'Maintenance Technician'), ('EMP065', 'Matthew', 'Banks', 'Logistics', 'Maintenance Technician'), ('EMP066', 'Laurie', 'Barrett', 'Manufacturing', 'Electronics Engineer'), ('EMP067', 'James', 'Williams', 'Engineering', 'ESD Technician'), ('EMP068', 'David', 'Wilson', 'Production', 'Quality Control Inspector'), ('EMP069', 'Adam', 'Hernandez', 'Production', 'Safety Officer'), ('EMP070', 'Steven', 'Howell', 'Manufacturing', 'Electronics Engineer'), ('EMP071', 'Deborah', 'Green', 'Logistics', 'ESD Technician'), ('EMP072', 'Raymond', 'Lee', 'Maintenance', 'Test Engineer'), ('EMP073', 'Helen', 'Chavez', 'Production', 'Test Engineer'), ('EMP074', 'Daniel', 'Haas', 'Maintenance', 'Assembly Technician'), ('EMP075', 'Selena', 'Hardy', 'Maintenance', 'Soldering Technician'), ('EMP076', 'Marilyn', 'Gray', 'Production', 'Electronics Engineer'), ('EMP077', 'Robert', 'Espinoza', 'Production', 'Safety Officer'), ('EMP078', 'Miguel', 'Stevens', 'Production', 'Warehouse Associate'), ('EMP079', 'Hector', 'King', 'Maintenance', 'Supply Chain Analyst'), ('EMP080', 'Kenneth', 'Fitzpatrick', 'Maintenance', 'Maintenance Technician'), ('EMP081', 'Lindsey', 'Brown', 'Production', 'Assembly Technician'), ('EMP082', 'Daniel', 'Boone', 'Manufacturing', 'Automation Engineer'), ('EMP083', 'Vernon', 'Reynolds', 'Manufacturing', 'Warehouse Associate'), ('EMP084', 'Anthony', 'Williams', 'Engineering', 'Electronics Engineer'), ('EMP085', 'John', 'George', 'Logistics', 'PCB Designer'), ('EMP086', 'Jesse', 'Fitzgerald', 'Manufacturing', 'Maintenance Technician'), ('EMP087', 'Alejandro', 'Yoder', 'Quality Control', 'Process Engineer'), ('EMP088', 'Sarah', 'Crawford', 'Production', 'Soldering Technician'), ('EMP089', 'Debra', 'Daniels', 'Quality Control', 'Quality Control Inspector'), ('EMP090', 'Aaron', 'Nichols', 'Engineering', 'Test Engineer'), ('EMP091', 'William', 'Nguyen', 'Engineering', 'Electronics Engineer'), ('EMP092', 'Erin', 'Lowe', 'Engineering', 'Test Engineer'), ('EMP093', 'Tristan', 'Blake', 'Quality Control', 'ESD Technician'), ('EMP094', 'David', 'Roberson', 'Quality Control', 'Quality Control Inspector'), ('EMP095', 'Patricia', 'Guzman', 'Manufacturing', 'Automation Engineer'), ('EMP096', 'Janet', 'Larsen', 'Production', 'Production Line Worker'), ('EMP097', 'Shane', 'Hughes', 'Production', 'Supply Chain Analyst'), ('EMP098', 'Michael', 'Flowers', 'Engineering', 'Safety Officer'), ('EMP099', 'Yvonne', 'Jones', 'Production', 'Production Supervisor'), ('EMP100', 'Tyler', 'Lynch', 'Production', 'Automation Engineer');




--EmployeeWorkCenterAssignment
CREATE OR REPLACE TABLE VISK_INDUS_PVT_LTD.RAW.EmployeeWorkCenterAssignment (
EmployeeID VARCHAR2(255)
,WorkCenterID VARCHAR2(255)
,StartDate DATE
,EndDate DATE
,PRIMARY KEY (EmployeeID, WorkCenterID, StartDate)
,FOREIGN KEY (EmployeeID) REFERENCES Employees(EmployeeID)
,FOREIGN KEY (WorkCenterID) REFERENCES WorkCenters(WorkCenterID)
);


INSERT INTO VISK_INDUS_PVT_LTD.RAW.EmployeeWorkCenterAssignment  (EmployeeID, WorkCenterID, StartDate, EndDate) 
VALUES ('EMP050', 'WC001', '2023-07-06', '2024-06-02'), ('EMP050', 'WC027', '2023-04-26', '2023-12-17'), ('EMP002', 'WC001', '2023-02-27', '2023-09-25'), ('EMP092', 'WC008', '2023-11-25', '2024-03-12'), ('EMP045', 'WC007', '2023-04-23', '2023-05-26'), ('EMP019', 'WC009', '2023-09-06', '2023-12-16'), ('EMP024', 'WC011', '2023-10-28', '2024-07-15'), ('EMP090', 'WC024', '2023-10-17', '2024-01-19'), ('EMP034', 'WC001', '2023-06-13', '2023-08-19'), ('EMP003', 'WC011', '2023-11-01', '2024-10-04'), ('EMP092', 'WC002', '2023-12-13', '2024-04-26'), ('EMP024', 'WC023', '2023-11-21', '2024-09-30'), ('EMP070', 'WC013', '2023-11-20', '2024-11-12'), ('EMP095', 'WC005', '2023-08-27', '2023-12-27'), ('EMP048', 'WC029', '2023-07-20', '2023-10-12'), ('EMP095', 'WC021', '2023-01-28', '2023-12-05'), ('EMP037', 'WC020', '2023-02-11', '2023-05-29'), ('EMP038', 'WC028', '2023-05-24', '2024-05-15'), ('EMP012', 'WC028', '2023-10-06', '2024-09-26'), ('EMP020', 'WC015', '2023-12-16', '2024-06-05'), ('EMP011', 'WC004', '2023-08-05', '2023-12-06'), ('EMP007', 'WC023', '2023-06-03', '2023-07-14'), ('EMP022', 'WC019', '2023-03-19', '2023-12-02'), ('EMP010', 'WC004', '2023-11-04', '2024-08-10'), ('EMP069', 'WC020', '2023-07-15', '2023-11-07'), ('EMP016', 'WC030', '2023-01-18', '2023-08-16'), ('EMP048', 'WC025', '2023-12-23', '2024-11-24'), ('EMP046', 'WC007', '2023-09-23', '2024-04-05'), ('EMP099', 'WC008', '2023-08-11', '2024-03-01'), ('EMP065', 'WC004', '2023-04-04', '2023-09-01'), ('EMP032', 'WC022', '2023-12-01', '2024-11-18'), ('EMP097', 'WC018', '2023-02-06', '2023-08-25'), ('EMP025', 'WC018', '2023-11-28', '2024-04-30'), ('EMP039', 'WC028', '2023-07-19', '2024-05-18'), ('EMP060', 'WC027', '2023-12-12', '2024-12-05'), ('EMP065', 'WC012', '2023-11-14', '2024-04-29'), ('EMP034', 'WC022', '2023-06-26', '2023-08-30'), ('EMP024', 'WC011', '2023-01-15', '2023-12-09'), ('EMP081', 'WC011', '2023-02-08', '2023-07-31'), ('EMP030', 'WC016', '2023-07-10', '2023-10-27'), ('EMP039', 'WC017', '2023-08-06', '2023-09-16'), ('EMP015', 'WC013', '2023-06-20', '2023-10-12'), ('EMP092', 'WC016', '2023-11-25', '2024-10-14'), ('EMP097', 'WC025', '2023-01-09', '2023-03-29'), ('EMP016', 'WC022', '2023-04-10', '2023-10-17'), ('EMP093', 'WC021', '2023-09-24', '2024-09-07'), ('EMP070', 'WC018', '2023-08-17', '2024-02-29'), ('EMP037', 'WC010', '2023-03-22', '2023-05-30'), ('EMP045', 'WC018', '2023-07-25', '2024-01-31'), ('EMP076', 'WC008', '2023-03-16', '2023-08-21'), ('EMP090', 'WC016', '2023-12-09', '2024-09-02'), ('EMP053', 'WC024', '2023-10-17', '2024-03-20'), ('EMP054', 'WC013', '2023-08-08', '2024-01-05'), ('EMP039', 'WC026', '2023-07-02', '2023-12-29'), ('EMP028', 'WC009', '2023-04-14', '2024-03-15'), ('EMP050', 'WC025', '2023-01-28', '2023-08-16'), ('EMP061', 'WC024', '2023-03-21', '2023-10-22'), ('EMP064', 'WC026', '2023-03-15', '2023-04-25'), ('EMP026', 'WC027', '2023-05-27', '2024-02-25'), ('EMP074', 'WC017', '2023-08-06', '2024-05-14'), ('EMP004', 'WC015', '2023-11-07', '2024-02-25'), ('EMP036', 'WC009', '2023-12-01', '2024-01-06'), ('EMP027', 'WC028', '2023-05-17', '2024-01-18'), ('EMP063', 'WC025', '2023-08-05', '2024-04-07'), ('EMP091', 'WC013', '2023-07-04', '2024-05-25'), ('EMP092', 'WC018', '2023-01-11', '2023-08-31'), ('EMP032', 'WC022', '2023-03-26', '2024-02-17'), ('EMP059', 'WC009', '2023-09-01', '2023-12-28'), ('EMP072', 'WC009', '2023-09-27', '2024-03-26'), ('EMP081', 'WC020', '2023-04-15', '2023-10-04'), ('EMP046', 'WC018', '2023-11-19', '2024-10-08'), ('EMP029', 'WC021', '2023-01-01', '2023-10-26'), ('EMP056', 'WC011', '2023-12-17', '2024-05-14'), ('EMP095', 'WC027', '2023-09-13', '2024-02-19'), ('EMP075', 'WC007', '2023-01-28', '2023-06-26'), ('EMP023', 'WC016', '2023-03-27', '2023-08-07'), ('EMP094', 'WC009', '2023-10-07', '2024-04-12'), ('EMP075', 'WC002', '2023-12-11', '2024-02-21'), ('EMP077', 'WC003', '2023-04-15', '2023-11-03'), ('EMP029', 'WC009', '2023-04-21', '2023-09-07'), ('EMP026', 'WC014', '2023-12-04', '2024-10-01'), ('EMP040', 'WC015', '2023-09-09', '2024-07-16'), ('EMP027', 'WC016', '2023-11-07', '2024-10-22'), ('EMP096', 'WC005', '2023-04-12', '2023-12-29'), ('EMP038', 'WC025', '2023-01-21', '2024-01-16'), ('EMP033', 'WC013', '2023-08-09', '2023-11-10'), ('EMP024', 'WC018', '2023-01-05', '2023-12-01'), ('EMP094', 'WC020', '2023-07-27', '2024-04-06'), ('EMP064', 'WC010', '2023-04-18', '2024-01-13'), ('EMP028', 'WC020', '2023-11-18', '2024-09-28'), ('EMP040', 'WC028', '2023-01-28', '2023-07-31'), ('EMP082', 'WC002', '2023-01-25', '2024-01-05'), ('EMP066', 'WC012', '2023-02-16', '2023-08-28'), ('EMP004', 'WC004', '2023-05-20', '2023-10-19'), ('EMP049', 'WC010', '2023-11-16', '2024-02-17'), ('EMP003', 'WC008', '2023-06-26', '2024-04-30'), ('EMP011', 'WC010', '2023-11-16', '2024-06-29'), ('EMP012', 'WC006', '2023-06-06', '2023-08-08'), ('EMP062', 'WC028', '2023-09-08', '2024-04-05'), ('EMP068', 'WC013', '2023-12-26', '2024-12-09'), ('EMP081', 'WC022', '2023-12-19', '2024-12-16'), ('EMP048', 'WC020', '2023-05-07', '2023-08-26'), ('EMP061', 'WC021', '2023-09-11', '2024-07-01'), ('EMP068', 'WC020', '2023-03-15', '2023-04-14'), ('EMP014', 'WC003', '2023-12-07', '2024-11-30'), ('EMP094', 'WC009', '2023-10-01', '2024-05-13'), ('EMP096', 'WC012', '2023-04-05', '2023-10-12'), ('EMP081', 'WC017', '2023-06-09', '2023-09-07'), ('EMP042', 'WC016', '2023-07-21', '2023-11-07'), ('EMP045', 'WC016', '2023-11-27', '2024-01-17'), ('EMP073', 'WC013', '2023-06-12', '2024-05-02'), ('EMP083', 'WC007', '2023-09-02', '2023-10-28'), ('EMP015', 'WC018', '2023-12-19', '2024-12-06'), ('EMP002', 'WC007', '2023-06-22', '2024-04-22'), ('EMP025', 'WC011', '2023-08-28', '2024-07-10'), ('EMP058', 'WC017', '2023-03-18', '2023-09-27'), ('EMP069', 'WC021', '2023-06-13', '2023-11-08'), ('EMP028', 'WC022', '2023-07-10', '2024-03-22'), ('EMP084', 'WC018', '2023-01-18', '2023-06-04'), ('EMP087', 'WC011', '2023-10-04', '2024-03-28'), ('EMP031', 'WC024', '2023-09-11', '2023-11-04'), ('EMP052', 'WC008', '2023-06-09', '2024-05-30'), ('EMP016', 'WC029', '2023-11-24', '2024-03-31'), ('EMP015', 'WC028', '2023-04-07', '2023-10-10'), ('EMP022', 'WC025', '2023-01-10', '2023-11-08'), ('EMP045', 'WC023', '2023-02-15', '2023-11-26'), ('EMP077', 'WC026', '2023-11-13', '2024-03-22'), ('EMP088', 'WC003', '2023-11-06', '2024-08-29'), ('EMP087', 'WC003', '2023-01-05', '2023-12-28'), ('EMP014', 'WC017', '2023-09-13', '2024-02-12'), ('EMP012', 'WC012', '2023-08-17', '2024-04-02'), ('EMP006', 'WC003', '2023-03-05', '2023-06-08'), ('EMP022', 'WC007', '2023-04-26', '2024-04-05'), ('EMP072', 'WC026', '2023-10-08', '2024-02-29'), ('EMP063', 'WC011', '2023-06-27', '2024-05-01'), ('EMP049', 'WC028', '2023-10-19', '2024-05-08'), ('EMP085', 'WC011', '2023-09-26', '2024-01-07'), ('EMP047', 'WC020', '2023-03-03', '2023-08-27'), ('EMP014', 'WC018', '2023-06-07', '2024-04-13'), ('EMP058', 'WC012', '2023-04-02', '2023-05-21'), ('EMP052', 'WC011', '2023-12-16', '2024-10-16'), ('EMP049', 'WC029', '2023-09-23', '2024-02-07'), ('EMP047', 'WC027', '2023-02-28', '2023-08-07'), ('EMP056', 'WC011', '2023-02-16', '2023-10-09'), ('EMP055', 'WC023', '2023-05-05', '2024-03-08'), ('EMP030', 'WC001', '2023-08-15', '2023-11-14'), ('EMP068', 'WC010', '2023-07-25', '2023-11-04'), ('EMP095', 'WC009', '2023-09-20', '2024-08-27'), ('EMP033', 'WC018', '2023-09-25', '2024-06-25'), ('EMP028', 'WC022', '2023-03-24', '2023-05-14');



-- Inventory
CREATE OR REPLACE TABLE VISK_INDUS_PVT_LTD.RAW.Inventory (
InventoryID VARCHAR2(255)
,ProductID VARCHAR2(255)
,Quantity INT
,LastUpdated TIMESTAMP_LTZ DEFAULT CURRENT_TIMESTAMP() -- Use TIMESTAMP_LTZ
,FOREIGN KEY (ProductID) REFERENCES Products(ProductID)
);


INSERT INTO VISK_INDUS_PVT_LTD.RAW.Inventory (InventoryID, ProductID, Quantity, LastUpdated) 
VALUES ('INV001', 'PRD037', 35, '2025-01-09 18:50:34'), ('INV002', 'PRD012', 794, '2025-01-03 03:10:43'), ('INV003', 'PRD033', 761, '2025-01-22 17:02:50'), ('INV004', 'PRD026', 293, '2025-02-10 21:24:55'), ('INV005', 'PRD016', 612, '2025-02-05 10:13:22'), ('INV006', 'PRD050', 340, '2025-01-27 06:14:04'), ('INV007', 'PRD052', 220, '2025-01-29 21:26:08'), ('INV008', 'PRD044', 825, '2025-01-21 22:42:35'), ('INV009', 'PRD028', 761, '2025-01-03 12:46:00'), ('INV010', 'PRD032', 41, '2025-01-20 23:46:58'), ('INV011', 'PRD041', 39, '2025-01-29 11:50:32'), ('INV012', 'PRD034', 299, '2025-01-20 11:52:06'), ('INV013', 'PRD044', 311, '2025-01-22 15:52:41'), ('INV014', 'PRD031', 25, '2025-01-12 00:34:58'), ('INV015', 'PRD051', 736, '2025-02-02 06:46:21'), ('INV016', 'PRD010', 244, '2025-01-15 05:02:12'), ('INV017', 'PRD033', 780, '2025-02-04 14:47:39'), ('INV018', 'PRD051', 829, '2025-01-20 07:58:39'), ('INV019', 'PRD049', 679, '2025-01-27 22:17:26'), ('INV020', 'PRD034', 484, '2025-02-15 16:36:01'), ('INV021', 'PRD052', 515, '2025-01-15 06:29:47'), ('INV022', 'PRD049', 158, '2025-01-30 23:16:59'), ('INV023', 'PRD012', 195, '2025-01-23 02:38:48'), ('INV024', 'PRD016', 867, '2025-01-29 14:56:40'), ('INV025', 'PRD030', 285, '2025-01-26 05:37:07'), ('INV026', 'PRD052', 910, '2025-01-20 01:09:04'), ('INV027', 'PRD009', 115, '2025-01-04 15:30:24'), ('INV028', 'PRD021', 496, '2025-02-09 21:41:44'), ('INV029', 'PRD006', 992, '2025-01-20 13:48:34'), ('INV030', 'PRD010', 69, '2025-02-16 01:32:57'), ('INV031', 'PRD041', 873, '2025-01-30 13:25:22'), ('INV032', 'PRD050', 597, '2025-01-18 01:46:46'), ('INV033', 'PRD013', 779, '2025-01-06 10:53:01'), ('INV034', 'PRD011', 108, '2025-01-05 19:08:27'), ('INV035', 'PRD032', 396, '2025-01-03 01:05:00'), ('INV036', 'PRD044', 561, '2025-01-03 22:59:19'), ('INV037', 'PRD005', 996, '2025-01-19 02:07:04'), ('INV038', 'PRD002', 682, '2025-02-13 12:02:28'), ('INV039', 'PRD007', 528, '2025-02-04 12:55:23'), ('INV040', 'PRD049', 157, '2025-01-20 14:59:24'), ('INV041', 'PRD032', 652, '2025-01-21 22:35:36'), ('INV042', 'PRD030', 166, '2025-01-27 09:39:49'), ('INV043', 'PRD045', 447, '2025-01-16 19:57:35'), ('INV044', 'PRD016', 495, '2025-01-29 05:49:42'), ('INV045', 'PRD027', 158, '2025-01-09 19:32:40'), ('INV046', 'PRD046', 941, '2025-02-13 15:36:30'), ('INV047', 'PRD025', 71, '2025-02-12 20:10:09'), ('INV048', 'PRD004', 65, '2025-01-11 09:43:09'), ('INV049', 'PRD037', 271, '2025-02-02 07:54:55'), ('INV050', 'PRD042', 425, '2025-02-07 06:02:03'), ('INV051', 'PRD019', 151, '2025-01-29 19:59:13'), ('INV052', 'PRD056', 400, '2025-02-08 22:18:36'), ('INV053', 'PRD004', 431, '2025-01-09 06:19:42'), ('INV054', 'PRD045', 656, '2025-01-29 10:33:41'), ('INV055', 'PRD037', 285, '2025-02-01 19:29:35'), ('INV056', 'PRD033', 682, '2025-01-01 04:12:01'), ('INV057', 'PRD060', 50, '2025-01-31 07:27:38'), ('INV058', 'PRD031', 502, '2025-01-31 11:01:43'), ('INV059', 'PRD020', 792, '2025-01-31 09:12:11'), ('INV060', 'PRD028', 431, '2025-01-12 07:32:52'), ('INV061', 'PRD046', 609, '2025-01-01 05:28:33'), ('INV062', 'PRD026', 894, '2025-01-29 00:52:01'), ('INV063', 'PRD028', 389, '2025-01-14 16:10:38'), ('INV064', 'PRD011', 940, '2025-02-06 03:48:11'), ('INV065', 'PRD003', 609, '2025-02-08 17:12:06'), ('INV066', 'PRD034', 368, '2025-02-11 18:42:35'), ('INV067', 'PRD027', 906, '2025-01-26 16:45:17'), ('INV068', 'PRD040', 295, '2025-01-01 11:40:03'), ('INV069', 'PRD050', 407, '2025-02-05 06:02:44'), ('INV070', 'PRD024', 662, '2025-02-09 17:46:55'), ('INV071', 'PRD005', 916, '2025-02-02 18:52:40'), ('INV072', 'PRD022', 696, '2025-02-09 20:35:14'), ('INV073', 'PRD043', 606, '2025-01-07 00:14:16'), ('INV074', 'PRD038', 405, '2025-02-08 02:18:31'), ('INV075', 'PRD018', 937, '2025-02-02 01:36:50'), ('INV076', 'PRD001', 611, '2025-01-15 19:51:41'), ('INV077', 'PRD032', 549, '2025-02-03 19:44:23'), ('INV078', 'PRD043', 718, '2025-01-04 18:33:15'), ('INV079', 'PRD055', 856, '2025-01-01 05:24:10'), ('INV080', 'PRD019', 156, '2025-02-02 05:27:04');
